-- phpMyAdmin SQL Dump
-- version 5.2.1
-- https://www.phpmyadmin.net/
--
-- Host: 127.0.0.1
-- Generation Time: Jul 17, 2025 at 07:19 PM
-- Server version: 10.4.32-MariaDB
-- PHP Version: 8.2.12

SET SQL_MODE = "NO_AUTO_VALUE_ON_ZERO";
START TRANSACTION;
SET time_zone = "+00:00";


/*!40101 SET @OLD_CHARACTER_SET_CLIENT=@@CHARACTER_SET_CLIENT */;
/*!40101 SET @OLD_CHARACTER_SET_RESULTS=@@CHARACTER_SET_RESULTS */;
/*!40101 SET @OLD_COLLATION_CONNECTION=@@COLLATION_CONNECTION */;
/*!40101 SET NAMES utf8mb4 */;

--
-- Database: `coworking`
--

DELIMITER $$
--
-- Procedures
--
CREATE DEFINER=`root`@`localhost` PROCEDURE `hitung_booking_user` (IN `uid` INT, OUT `total` INT)   BEGIN
    DECLARE hasil INT;

    SELECT COUNT(*) INTO hasil FROM bookings WHERE user_id = uid;

    IF hasil = 0 THEN
        SET total = 0;
    ELSE
        SET total = hasil;
    END IF;
END$$

CREATE DEFINER=`root`@`localhost` PROCEDURE `tampilkan_daftar_ruangan` ()   BEGIN
    DECLARE done INT DEFAULT FALSE;
    DECLARE nama_ruang VARCHAR(100);
    DECLARE kategori VARCHAR(50);
    DECLARE kapasitas INT;
    
    DECLARE cur CURSOR FOR
        SELECT r.name, c.name, r.capacity
        FROM rooms r
        JOIN categories c ON r.category_id = c.id;

    DECLARE CONTINUE HANDLER FOR NOT FOUND SET done = TRUE;

    OPEN cur;

    read_loop: LOOP
        FETCH cur INTO nama_ruang, kategori, kapasitas;
        IF done THEN
            LEAVE read_loop;
        END IF;
        SELECT CONCAT('Ruang: ', nama_ruang, ', Kategori: ', kategori, ', Kapasitas: ', kapasitas) AS info_ruang;
    END LOOP;

    CLOSE cur;
END$$

--
-- Functions
--
CREATE DEFINER=`root`@`localhost` FUNCTION `hitung_total_biaya` (`harga_per_jam` DECIMAL(10,2), `jumlah_jam` INT) RETURNS DECIMAL(10,2) DETERMINISTIC BEGIN
    RETURN harga_per_jam * jumlah_jam;
END$$

CREATE DEFINER=`root`@`localhost` FUNCTION `total_users` () RETURNS INT(11) DETERMINISTIC BEGIN
    DECLARE jumlah INT;
    SELECT COUNT(*) INTO jumlah FROM users;
    RETURN jumlah;
END$$

DELIMITER ;

-- --------------------------------------------------------

--
-- Table structure for table `bookings`
--

CREATE TABLE `bookings` (
  `id` int(11) NOT NULL,
  `user_id` int(11) DEFAULT NULL,
  `room_id` int(11) DEFAULT NULL,
  `booking_date` date DEFAULT NULL,
  `status` enum('pending','confirmed','cancelled') DEFAULT 'pending'
) ENGINE=InnoDB DEFAULT CHARSET=utf8mb4 COLLATE=utf8mb4_general_ci;

--
-- Dumping data for table `bookings`
--

INSERT INTO `bookings` (`id`, `user_id`, `room_id`, `booking_date`, `status`) VALUES
(1, 1, 1, '2025-07-17', 'confirmed'),
(2, 2, 2, '2025-07-18', 'pending'),
(3, 3, 3, '2025-07-19', 'cancelled'),
(4, 4, 4, '2025-07-20', 'confirmed'),
(5, 5, 5, '2025-07-21', 'pending');

-- --------------------------------------------------------

--
-- Table structure for table `booking_times`
--

CREATE TABLE `booking_times` (
  `id` int(11) NOT NULL,
  `start_time` time DEFAULT NULL,
  `end_time` time DEFAULT NULL
) ENGINE=InnoDB DEFAULT CHARSET=utf8mb4 COLLATE=utf8mb4_general_ci;

--
-- Dumping data for table `booking_times`
--

INSERT INTO `booking_times` (`id`, `start_time`, `end_time`) VALUES
(1, '08:00:00', '09:00:00'),
(2, '09:00:00', '10:00:00'),
(3, '10:00:00', '11:00:00'),
(4, '11:00:00', '12:00:00'),
(5, '12:00:00', '13:00:00'),
(6, '13:00:00', '14:00:00'),
(7, '14:00:00', '15:00:00'),
(8, '15:00:00', '16:00:00'),
(9, '16:00:00', '17:00:00'),
(10, '17:00:00', '18:00:00'),
(11, '08:00:00', '09:00:00'),
(12, '09:00:00', '10:00:00'),
(13, '10:00:00', '11:00:00'),
(14, '11:00:00', '12:00:00'),
(15, '12:00:00', '13:00:00'),
(16, '13:00:00', '14:00:00'),
(17, '14:00:00', '15:00:00'),
(18, '15:00:00', '16:00:00'),
(19, '16:00:00', '17:00:00'),
(20, '17:00:00', '18:00:00'),
(21, '08:00:00', '09:00:00'),
(22, '09:00:00', '10:00:00'),
(23, '10:00:00', '11:00:00'),
(24, '11:00:00', '12:00:00'),
(25, '12:00:00', '13:00:00'),
(26, '13:00:00', '14:00:00'),
(27, '14:00:00', '15:00:00'),
(28, '15:00:00', '16:00:00'),
(29, '16:00:00', '17:00:00'),
(30, '17:00:00', '18:00:00'),
(31, '08:00:00', '09:00:00'),
(32, '09:00:00', '10:00:00'),
(33, '10:00:00', '11:00:00'),
(34, '11:00:00', '12:00:00'),
(35, '12:00:00', '13:00:00'),
(36, '13:00:00', '14:00:00'),
(37, '14:00:00', '15:00:00'),
(38, '15:00:00', '16:00:00'),
(39, '16:00:00', '17:00:00'),
(40, '17:00:00', '18:00:00'),
(41, '08:00:00', '09:00:00'),
(42, '09:00:00', '10:00:00'),
(43, '10:00:00', '11:00:00'),
(44, '11:00:00', '12:00:00'),
(45, '12:00:00', '13:00:00'),
(46, '13:00:00', '14:00:00'),
(47, '14:00:00', '15:00:00'),
(48, '15:00:00', '16:00:00'),
(49, '16:00:00', '17:00:00'),
(50, '17:00:00', '18:00:00'),
(51, '08:00:00', '09:00:00'),
(52, '09:00:00', '10:00:00'),
(53, '10:00:00', '11:00:00'),
(54, '11:00:00', '12:00:00'),
(55, '12:00:00', '13:00:00'),
(56, '13:00:00', '14:00:00'),
(57, '14:00:00', '15:00:00'),
(58, '15:00:00', '16:00:00'),
(59, '16:00:00', '17:00:00'),
(60, '17:00:00', '18:00:00'),
(61, '08:00:00', '09:00:00'),
(62, '09:00:00', '10:00:00'),
(63, '10:00:00', '11:00:00'),
(64, '11:00:00', '12:00:00'),
(65, '12:00:00', '13:00:00'),
(66, '13:00:00', '14:00:00'),
(67, '14:00:00', '15:00:00'),
(68, '15:00:00', '16:00:00'),
(69, '16:00:00', '17:00:00'),
(70, '17:00:00', '18:00:00'),
(71, '08:00:00', '09:00:00'),
(72, '09:00:00', '10:00:00'),
(73, '10:00:00', '11:00:00'),
(74, '11:00:00', '12:00:00'),
(75, '12:00:00', '13:00:00'),
(76, '13:00:00', '14:00:00'),
(77, '14:00:00', '15:00:00'),
(78, '15:00:00', '16:00:00'),
(79, '16:00:00', '17:00:00'),
(80, '17:00:00', '18:00:00'),
(81, '08:00:00', '09:00:00'),
(82, '09:00:00', '10:00:00'),
(83, '10:00:00', '11:00:00'),
(84, '11:00:00', '12:00:00'),
(85, '12:00:00', '13:00:00'),
(86, '13:00:00', '14:00:00'),
(87, '14:00:00', '15:00:00'),
(88, '15:00:00', '16:00:00'),
(89, '16:00:00', '17:00:00'),
(90, '17:00:00', '18:00:00'),
(91, '08:00:00', '09:00:00'),
(92, '09:00:00', '10:00:00'),
(93, '10:00:00', '11:00:00'),
(94, '11:00:00', '12:00:00'),
(95, '12:00:00', '13:00:00'),
(96, '13:00:00', '14:00:00'),
(97, '14:00:00', '15:00:00'),
(98, '15:00:00', '16:00:00'),
(99, '16:00:00', '17:00:00'),
(100, '17:00:00', '18:00:00'),
(101, '08:00:00', '09:00:00'),
(102, '09:00:00', '10:00:00'),
(103, '10:00:00', '11:00:00'),
(104, '11:00:00', '12:00:00'),
(105, '12:00:00', '13:00:00'),
(106, '13:00:00', '14:00:00'),
(107, '14:00:00', '15:00:00'),
(108, '15:00:00', '16:00:00'),
(109, '16:00:00', '17:00:00'),
(110, '17:00:00', '18:00:00'),
(111, '08:00:00', '09:00:00'),
(112, '09:00:00', '10:00:00'),
(113, '10:00:00', '11:00:00'),
(114, '11:00:00', '12:00:00'),
(115, '12:00:00', '13:00:00'),
(116, '13:00:00', '14:00:00'),
(117, '14:00:00', '15:00:00'),
(118, '15:00:00', '16:00:00'),
(119, '16:00:00', '17:00:00'),
(120, '17:00:00', '18:00:00'),
(121, '08:00:00', '09:00:00'),
(122, '09:00:00', '10:00:00'),
(123, '10:00:00', '11:00:00'),
(124, '11:00:00', '12:00:00'),
(125, '12:00:00', '13:00:00'),
(126, '13:00:00', '14:00:00'),
(127, '14:00:00', '15:00:00'),
(128, '15:00:00', '16:00:00'),
(129, '16:00:00', '17:00:00'),
(130, '17:00:00', '18:00:00'),
(131, '08:00:00', '09:00:00'),
(132, '09:00:00', '10:00:00'),
(133, '10:00:00', '11:00:00'),
(134, '11:00:00', '12:00:00'),
(135, '12:00:00', '13:00:00'),
(136, '13:00:00', '14:00:00'),
(137, '14:00:00', '15:00:00'),
(138, '15:00:00', '16:00:00'),
(139, '16:00:00', '17:00:00'),
(140, '17:00:00', '18:00:00'),
(141, '08:00:00', '09:00:00'),
(142, '09:00:00', '10:00:00'),
(143, '10:00:00', '11:00:00'),
(144, '11:00:00', '12:00:00'),
(145, '12:00:00', '13:00:00'),
(146, '13:00:00', '14:00:00'),
(147, '14:00:00', '15:00:00'),
(148, '15:00:00', '16:00:00'),
(149, '16:00:00', '17:00:00'),
(150, '17:00:00', '18:00:00'),
(151, '08:00:00', '09:00:00'),
(152, '09:00:00', '10:00:00'),
(153, '10:00:00', '11:00:00'),
(154, '11:00:00', '12:00:00'),
(155, '12:00:00', '13:00:00'),
(156, '13:00:00', '14:00:00'),
(157, '14:00:00', '15:00:00'),
(158, '15:00:00', '16:00:00'),
(159, '16:00:00', '17:00:00'),
(160, '17:00:00', '18:00:00'),
(161, '08:00:00', '09:00:00'),
(162, '09:00:00', '10:00:00'),
(163, '10:00:00', '11:00:00'),
(164, '11:00:00', '12:00:00'),
(165, '12:00:00', '13:00:00'),
(166, '13:00:00', '14:00:00'),
(167, '14:00:00', '15:00:00'),
(168, '15:00:00', '16:00:00'),
(169, '16:00:00', '17:00:00'),
(170, '17:00:00', '18:00:00'),
(171, '08:00:00', '09:00:00'),
(172, '09:00:00', '10:00:00'),
(173, '10:00:00', '11:00:00'),
(174, '11:00:00', '12:00:00'),
(175, '12:00:00', '13:00:00'),
(176, '13:00:00', '14:00:00'),
(177, '14:00:00', '15:00:00'),
(178, '15:00:00', '16:00:00'),
(179, '16:00:00', '17:00:00'),
(180, '17:00:00', '18:00:00'),
(181, '08:00:00', '09:00:00'),
(182, '09:00:00', '10:00:00'),
(183, '10:00:00', '11:00:00'),
(184, '11:00:00', '12:00:00'),
(185, '12:00:00', '13:00:00'),
(186, '13:00:00', '14:00:00'),
(187, '14:00:00', '15:00:00'),
(188, '15:00:00', '16:00:00'),
(189, '16:00:00', '17:00:00'),
(190, '17:00:00', '18:00:00'),
(191, '08:00:00', '09:00:00'),
(192, '09:00:00', '10:00:00'),
(193, '10:00:00', '11:00:00'),
(194, '11:00:00', '12:00:00'),
(195, '12:00:00', '13:00:00'),
(196, '13:00:00', '14:00:00'),
(197, '14:00:00', '15:00:00'),
(198, '15:00:00', '16:00:00'),
(199, '16:00:00', '17:00:00'),
(200, '17:00:00', '18:00:00'),
(201, '08:00:00', '09:00:00'),
(202, '09:00:00', '10:00:00'),
(203, '10:00:00', '11:00:00'),
(204, '11:00:00', '12:00:00'),
(205, '12:00:00', '13:00:00'),
(206, '13:00:00', '14:00:00'),
(207, '14:00:00', '15:00:00'),
(208, '15:00:00', '16:00:00'),
(209, '16:00:00', '17:00:00'),
(210, '17:00:00', '18:00:00'),
(211, '08:00:00', '09:00:00'),
(212, '09:00:00', '10:00:00'),
(213, '10:00:00', '11:00:00'),
(214, '11:00:00', '12:00:00'),
(215, '12:00:00', '13:00:00'),
(216, '13:00:00', '14:00:00'),
(217, '14:00:00', '15:00:00'),
(218, '15:00:00', '16:00:00'),
(219, '16:00:00', '17:00:00'),
(220, '17:00:00', '18:00:00'),
(221, '08:00:00', '09:00:00'),
(222, '09:00:00', '10:00:00'),
(223, '10:00:00', '11:00:00'),
(224, '11:00:00', '12:00:00'),
(225, '12:00:00', '13:00:00'),
(226, '13:00:00', '14:00:00'),
(227, '14:00:00', '15:00:00'),
(228, '15:00:00', '16:00:00'),
(229, '16:00:00', '17:00:00'),
(230, '17:00:00', '18:00:00'),
(231, '08:00:00', '09:00:00'),
(232, '09:00:00', '10:00:00'),
(233, '10:00:00', '11:00:00'),
(234, '11:00:00', '12:00:00'),
(235, '12:00:00', '13:00:00'),
(236, '13:00:00', '14:00:00'),
(237, '14:00:00', '15:00:00'),
(238, '15:00:00', '16:00:00'),
(239, '16:00:00', '17:00:00'),
(240, '17:00:00', '18:00:00'),
(241, '08:00:00', '09:00:00'),
(242, '09:00:00', '10:00:00'),
(243, '10:00:00', '11:00:00'),
(244, '11:00:00', '12:00:00'),
(245, '12:00:00', '13:00:00'),
(246, '13:00:00', '14:00:00'),
(247, '14:00:00', '15:00:00'),
(248, '15:00:00', '16:00:00'),
(249, '16:00:00', '17:00:00'),
(250, '17:00:00', '18:00:00'),
(251, '08:00:00', '09:00:00'),
(252, '09:00:00', '10:00:00'),
(253, '10:00:00', '11:00:00'),
(254, '11:00:00', '12:00:00'),
(255, '12:00:00', '13:00:00'),
(256, '13:00:00', '14:00:00'),
(257, '14:00:00', '15:00:00'),
(258, '15:00:00', '16:00:00'),
(259, '16:00:00', '17:00:00'),
(260, '17:00:00', '18:00:00'),
(261, '08:00:00', '09:00:00'),
(262, '09:00:00', '10:00:00'),
(263, '10:00:00', '11:00:00'),
(264, '11:00:00', '12:00:00'),
(265, '12:00:00', '13:00:00'),
(266, '13:00:00', '14:00:00'),
(267, '14:00:00', '15:00:00'),
(268, '15:00:00', '16:00:00'),
(269, '16:00:00', '17:00:00'),
(270, '17:00:00', '18:00:00'),
(271, '08:00:00', '09:00:00'),
(272, '09:00:00', '10:00:00'),
(273, '10:00:00', '11:00:00'),
(274, '11:00:00', '12:00:00'),
(275, '12:00:00', '13:00:00'),
(276, '13:00:00', '14:00:00'),
(277, '14:00:00', '15:00:00'),
(278, '15:00:00', '16:00:00'),
(279, '16:00:00', '17:00:00'),
(280, '17:00:00', '18:00:00'),
(281, '08:00:00', '09:00:00'),
(282, '09:00:00', '10:00:00'),
(283, '10:00:00', '11:00:00'),
(284, '11:00:00', '12:00:00'),
(285, '12:00:00', '13:00:00'),
(286, '13:00:00', '14:00:00'),
(287, '14:00:00', '15:00:00'),
(288, '15:00:00', '16:00:00'),
(289, '16:00:00', '17:00:00'),
(290, '17:00:00', '18:00:00'),
(291, '08:00:00', '09:00:00'),
(292, '09:00:00', '10:00:00'),
(293, '10:00:00', '11:00:00'),
(294, '11:00:00', '12:00:00'),
(295, '12:00:00', '13:00:00'),
(296, '13:00:00', '14:00:00'),
(297, '14:00:00', '15:00:00'),
(298, '15:00:00', '16:00:00'),
(299, '16:00:00', '17:00:00'),
(300, '17:00:00', '18:00:00'),
(301, '08:00:00', '09:00:00'),
(302, '09:00:00', '10:00:00'),
(303, '10:00:00', '11:00:00'),
(304, '11:00:00', '12:00:00'),
(305, '12:00:00', '13:00:00'),
(306, '13:00:00', '14:00:00'),
(307, '14:00:00', '15:00:00'),
(308, '15:00:00', '16:00:00'),
(309, '16:00:00', '17:00:00'),
(310, '17:00:00', '18:00:00'),
(311, '08:00:00', '09:00:00'),
(312, '09:00:00', '10:00:00'),
(313, '10:00:00', '11:00:00'),
(314, '11:00:00', '12:00:00'),
(315, '12:00:00', '13:00:00'),
(316, '13:00:00', '14:00:00'),
(317, '14:00:00', '15:00:00'),
(318, '15:00:00', '16:00:00'),
(319, '16:00:00', '17:00:00'),
(320, '17:00:00', '18:00:00'),
(321, '08:00:00', '09:00:00'),
(322, '09:00:00', '10:00:00'),
(323, '10:00:00', '11:00:00'),
(324, '11:00:00', '12:00:00'),
(325, '12:00:00', '13:00:00'),
(326, '13:00:00', '14:00:00'),
(327, '14:00:00', '15:00:00'),
(328, '15:00:00', '16:00:00'),
(329, '16:00:00', '17:00:00'),
(330, '17:00:00', '18:00:00'),
(331, '08:00:00', '09:00:00'),
(332, '09:00:00', '10:00:00'),
(333, '10:00:00', '11:00:00'),
(334, '11:00:00', '12:00:00'),
(335, '12:00:00', '13:00:00'),
(336, '13:00:00', '14:00:00'),
(337, '14:00:00', '15:00:00'),
(338, '15:00:00', '16:00:00'),
(339, '16:00:00', '17:00:00'),
(340, '17:00:00', '18:00:00'),
(341, '08:00:00', '09:00:00'),
(342, '09:00:00', '10:00:00'),
(343, '10:00:00', '11:00:00'),
(344, '11:00:00', '12:00:00'),
(345, '12:00:00', '13:00:00'),
(346, '13:00:00', '14:00:00'),
(347, '14:00:00', '15:00:00'),
(348, '15:00:00', '16:00:00'),
(349, '16:00:00', '17:00:00'),
(350, '17:00:00', '18:00:00'),
(351, '08:00:00', '09:00:00'),
(352, '09:00:00', '10:00:00'),
(353, '10:00:00', '11:00:00'),
(354, '11:00:00', '12:00:00'),
(355, '12:00:00', '13:00:00'),
(356, '13:00:00', '14:00:00'),
(357, '14:00:00', '15:00:00'),
(358, '15:00:00', '16:00:00'),
(359, '16:00:00', '17:00:00'),
(360, '17:00:00', '18:00:00'),
(361, '08:00:00', '09:00:00'),
(362, '09:00:00', '10:00:00'),
(363, '10:00:00', '11:00:00'),
(364, '11:00:00', '12:00:00'),
(365, '12:00:00', '13:00:00'),
(366, '13:00:00', '14:00:00'),
(367, '14:00:00', '15:00:00'),
(368, '15:00:00', '16:00:00'),
(369, '16:00:00', '17:00:00'),
(370, '17:00:00', '18:00:00'),
(371, '08:00:00', '09:00:00'),
(372, '09:00:00', '10:00:00'),
(373, '10:00:00', '11:00:00'),
(374, '11:00:00', '12:00:00'),
(375, '12:00:00', '13:00:00'),
(376, '13:00:00', '14:00:00'),
(377, '14:00:00', '15:00:00'),
(378, '15:00:00', '16:00:00'),
(379, '16:00:00', '17:00:00'),
(380, '17:00:00', '18:00:00'),
(381, '08:00:00', '09:00:00'),
(382, '09:00:00', '10:00:00'),
(383, '10:00:00', '11:00:00'),
(384, '11:00:00', '12:00:00'),
(385, '12:00:00', '13:00:00'),
(386, '13:00:00', '14:00:00'),
(387, '14:00:00', '15:00:00'),
(388, '15:00:00', '16:00:00'),
(389, '16:00:00', '17:00:00'),
(390, '17:00:00', '18:00:00'),
(391, '08:00:00', '09:00:00'),
(392, '09:00:00', '10:00:00'),
(393, '10:00:00', '11:00:00'),
(394, '11:00:00', '12:00:00'),
(395, '12:00:00', '13:00:00'),
(396, '13:00:00', '14:00:00'),
(397, '14:00:00', '15:00:00'),
(398, '15:00:00', '16:00:00'),
(399, '16:00:00', '17:00:00'),
(400, '17:00:00', '18:00:00'),
(401, '08:00:00', '09:00:00'),
(402, '09:00:00', '10:00:00'),
(403, '10:00:00', '11:00:00'),
(404, '11:00:00', '12:00:00'),
(405, '12:00:00', '13:00:00'),
(406, '13:00:00', '14:00:00'),
(407, '14:00:00', '15:00:00'),
(408, '15:00:00', '16:00:00'),
(409, '16:00:00', '17:00:00'),
(410, '17:00:00', '18:00:00'),
(411, '08:00:00', '09:00:00'),
(412, '09:00:00', '10:00:00'),
(413, '10:00:00', '11:00:00'),
(414, '11:00:00', '12:00:00'),
(415, '12:00:00', '13:00:00'),
(416, '13:00:00', '14:00:00'),
(417, '14:00:00', '15:00:00'),
(418, '15:00:00', '16:00:00'),
(419, '16:00:00', '17:00:00'),
(420, '17:00:00', '18:00:00'),
(421, '08:00:00', '09:00:00'),
(422, '09:00:00', '10:00:00'),
(423, '10:00:00', '11:00:00'),
(424, '11:00:00', '12:00:00'),
(425, '12:00:00', '13:00:00'),
(426, '13:00:00', '14:00:00'),
(427, '14:00:00', '15:00:00'),
(428, '15:00:00', '16:00:00'),
(429, '16:00:00', '17:00:00'),
(430, '17:00:00', '18:00:00'),
(431, '08:00:00', '09:00:00'),
(432, '09:00:00', '10:00:00'),
(433, '10:00:00', '11:00:00'),
(434, '11:00:00', '12:00:00'),
(435, '12:00:00', '13:00:00'),
(436, '13:00:00', '14:00:00'),
(437, '14:00:00', '15:00:00'),
(438, '15:00:00', '16:00:00'),
(439, '16:00:00', '17:00:00'),
(440, '17:00:00', '18:00:00'),
(441, '08:00:00', '09:00:00'),
(442, '09:00:00', '10:00:00'),
(443, '10:00:00', '11:00:00'),
(444, '11:00:00', '12:00:00'),
(445, '12:00:00', '13:00:00'),
(446, '13:00:00', '14:00:00'),
(447, '14:00:00', '15:00:00'),
(448, '15:00:00', '16:00:00'),
(449, '16:00:00', '17:00:00'),
(450, '17:00:00', '18:00:00'),
(451, '08:00:00', '09:00:00'),
(452, '09:00:00', '10:00:00'),
(453, '10:00:00', '11:00:00'),
(454, '11:00:00', '12:00:00'),
(455, '12:00:00', '13:00:00'),
(456, '13:00:00', '14:00:00'),
(457, '14:00:00', '15:00:00'),
(458, '15:00:00', '16:00:00'),
(459, '16:00:00', '17:00:00'),
(460, '17:00:00', '18:00:00'),
(461, '08:00:00', '09:00:00'),
(462, '09:00:00', '10:00:00'),
(463, '10:00:00', '11:00:00'),
(464, '11:00:00', '12:00:00'),
(465, '12:00:00', '13:00:00'),
(466, '13:00:00', '14:00:00'),
(467, '14:00:00', '15:00:00'),
(468, '15:00:00', '16:00:00'),
(469, '16:00:00', '17:00:00'),
(470, '17:00:00', '18:00:00'),
(471, '08:00:00', '09:00:00'),
(472, '09:00:00', '10:00:00'),
(473, '10:00:00', '11:00:00'),
(474, '11:00:00', '12:00:00'),
(475, '12:00:00', '13:00:00'),
(476, '13:00:00', '14:00:00'),
(477, '14:00:00', '15:00:00'),
(478, '15:00:00', '16:00:00'),
(479, '16:00:00', '17:00:00'),
(480, '17:00:00', '18:00:00'),
(481, '08:00:00', '09:00:00'),
(482, '09:00:00', '10:00:00'),
(483, '10:00:00', '11:00:00'),
(484, '11:00:00', '12:00:00'),
(485, '12:00:00', '13:00:00'),
(486, '13:00:00', '14:00:00'),
(487, '14:00:00', '15:00:00'),
(488, '15:00:00', '16:00:00'),
(489, '16:00:00', '17:00:00'),
(490, '17:00:00', '18:00:00'),
(491, '08:00:00', '09:00:00'),
(492, '09:00:00', '10:00:00'),
(493, '10:00:00', '11:00:00'),
(494, '11:00:00', '12:00:00'),
(495, '12:00:00', '13:00:00'),
(496, '13:00:00', '14:00:00'),
(497, '14:00:00', '15:00:00'),
(498, '15:00:00', '16:00:00'),
(499, '16:00:00', '17:00:00'),
(500, '17:00:00', '18:00:00'),
(501, '08:00:00', '09:00:00'),
(502, '09:00:00', '10:00:00'),
(503, '10:00:00', '11:00:00'),
(504, '11:00:00', '12:00:00'),
(505, '12:00:00', '13:00:00'),
(506, '13:00:00', '14:00:00'),
(507, '14:00:00', '15:00:00'),
(508, '15:00:00', '16:00:00'),
(509, '16:00:00', '17:00:00'),
(510, '17:00:00', '18:00:00'),
(511, '08:00:00', '09:00:00'),
(512, '09:00:00', '10:00:00'),
(513, '10:00:00', '11:00:00'),
(514, '11:00:00', '12:00:00'),
(515, '12:00:00', '13:00:00'),
(516, '13:00:00', '14:00:00'),
(517, '14:00:00', '15:00:00'),
(518, '15:00:00', '16:00:00'),
(519, '16:00:00', '17:00:00'),
(520, '17:00:00', '18:00:00'),
(521, '08:00:00', '09:00:00'),
(522, '09:00:00', '10:00:00'),
(523, '10:00:00', '11:00:00'),
(524, '11:00:00', '12:00:00'),
(525, '12:00:00', '13:00:00'),
(526, '13:00:00', '14:00:00'),
(527, '14:00:00', '15:00:00'),
(528, '15:00:00', '16:00:00'),
(529, '16:00:00', '17:00:00'),
(530, '17:00:00', '18:00:00'),
(531, '08:00:00', '09:00:00'),
(532, '09:00:00', '10:00:00'),
(533, '10:00:00', '11:00:00'),
(534, '11:00:00', '12:00:00'),
(535, '12:00:00', '13:00:00'),
(536, '13:00:00', '14:00:00'),
(537, '14:00:00', '15:00:00'),
(538, '15:00:00', '16:00:00'),
(539, '16:00:00', '17:00:00'),
(540, '17:00:00', '18:00:00'),
(541, '08:00:00', '09:00:00'),
(542, '09:00:00', '10:00:00'),
(543, '10:00:00', '11:00:00'),
(544, '11:00:00', '12:00:00'),
(545, '12:00:00', '13:00:00'),
(546, '13:00:00', '14:00:00'),
(547, '14:00:00', '15:00:00'),
(548, '15:00:00', '16:00:00'),
(549, '16:00:00', '17:00:00'),
(550, '17:00:00', '18:00:00'),
(551, '08:00:00', '09:00:00'),
(552, '09:00:00', '10:00:00'),
(553, '10:00:00', '11:00:00'),
(554, '11:00:00', '12:00:00'),
(555, '12:00:00', '13:00:00'),
(556, '13:00:00', '14:00:00'),
(557, '14:00:00', '15:00:00'),
(558, '15:00:00', '16:00:00'),
(559, '16:00:00', '17:00:00'),
(560, '17:00:00', '18:00:00'),
(561, '08:00:00', '09:00:00'),
(562, '09:00:00', '10:00:00'),
(563, '10:00:00', '11:00:00'),
(564, '11:00:00', '12:00:00'),
(565, '12:00:00', '13:00:00'),
(566, '13:00:00', '14:00:00'),
(567, '14:00:00', '15:00:00'),
(568, '15:00:00', '16:00:00'),
(569, '16:00:00', '17:00:00'),
(570, '17:00:00', '18:00:00'),
(571, '08:00:00', '09:00:00'),
(572, '09:00:00', '10:00:00'),
(573, '10:00:00', '11:00:00'),
(574, '11:00:00', '12:00:00'),
(575, '12:00:00', '13:00:00'),
(576, '13:00:00', '14:00:00'),
(577, '14:00:00', '15:00:00'),
(578, '15:00:00', '16:00:00'),
(579, '16:00:00', '17:00:00'),
(580, '17:00:00', '18:00:00'),
(581, '08:00:00', '09:00:00'),
(582, '09:00:00', '10:00:00'),
(583, '10:00:00', '11:00:00'),
(584, '11:00:00', '12:00:00'),
(585, '12:00:00', '13:00:00'),
(586, '13:00:00', '14:00:00'),
(587, '14:00:00', '15:00:00'),
(588, '15:00:00', '16:00:00'),
(589, '16:00:00', '17:00:00'),
(590, '17:00:00', '18:00:00'),
(591, '08:00:00', '09:00:00'),
(592, '09:00:00', '10:00:00'),
(593, '10:00:00', '11:00:00'),
(594, '11:00:00', '12:00:00'),
(595, '12:00:00', '13:00:00'),
(596, '13:00:00', '14:00:00'),
(597, '14:00:00', '15:00:00'),
(598, '15:00:00', '16:00:00'),
(599, '16:00:00', '17:00:00'),
(600, '17:00:00', '18:00:00'),
(601, '08:00:00', '09:00:00'),
(602, '09:00:00', '10:00:00'),
(603, '10:00:00', '11:00:00'),
(604, '11:00:00', '12:00:00'),
(605, '12:00:00', '13:00:00'),
(606, '13:00:00', '14:00:00'),
(607, '14:00:00', '15:00:00'),
(608, '15:00:00', '16:00:00'),
(609, '16:00:00', '17:00:00'),
(610, '17:00:00', '18:00:00'),
(611, '08:00:00', '09:00:00'),
(612, '09:00:00', '10:00:00'),
(613, '10:00:00', '11:00:00'),
(614, '11:00:00', '12:00:00'),
(615, '12:00:00', '13:00:00'),
(616, '13:00:00', '14:00:00'),
(617, '14:00:00', '15:00:00'),
(618, '15:00:00', '16:00:00'),
(619, '16:00:00', '17:00:00'),
(620, '17:00:00', '18:00:00'),
(621, '08:00:00', '09:00:00'),
(622, '09:00:00', '10:00:00'),
(623, '10:00:00', '11:00:00'),
(624, '11:00:00', '12:00:00'),
(625, '12:00:00', '13:00:00'),
(626, '13:00:00', '14:00:00'),
(627, '14:00:00', '15:00:00'),
(628, '15:00:00', '16:00:00'),
(629, '16:00:00', '17:00:00'),
(630, '17:00:00', '18:00:00'),
(631, '08:00:00', '09:00:00'),
(632, '09:00:00', '10:00:00'),
(633, '10:00:00', '11:00:00'),
(634, '11:00:00', '12:00:00'),
(635, '12:00:00', '13:00:00'),
(636, '13:00:00', '14:00:00'),
(637, '14:00:00', '15:00:00'),
(638, '15:00:00', '16:00:00'),
(639, '16:00:00', '17:00:00'),
(640, '17:00:00', '18:00:00'),
(641, '08:00:00', '09:00:00'),
(642, '09:00:00', '10:00:00'),
(643, '10:00:00', '11:00:00'),
(644, '11:00:00', '12:00:00'),
(645, '12:00:00', '13:00:00'),
(646, '13:00:00', '14:00:00'),
(647, '14:00:00', '15:00:00'),
(648, '15:00:00', '16:00:00'),
(649, '16:00:00', '17:00:00'),
(650, '17:00:00', '18:00:00'),
(651, '08:00:00', '09:00:00'),
(652, '09:00:00', '10:00:00'),
(653, '10:00:00', '11:00:00'),
(654, '11:00:00', '12:00:00'),
(655, '12:00:00', '13:00:00'),
(656, '13:00:00', '14:00:00'),
(657, '14:00:00', '15:00:00'),
(658, '15:00:00', '16:00:00'),
(659, '16:00:00', '17:00:00'),
(660, '17:00:00', '18:00:00'),
(661, '08:00:00', '09:00:00'),
(662, '09:00:00', '10:00:00'),
(663, '10:00:00', '11:00:00'),
(664, '11:00:00', '12:00:00'),
(665, '12:00:00', '13:00:00'),
(666, '13:00:00', '14:00:00'),
(667, '14:00:00', '15:00:00'),
(668, '15:00:00', '16:00:00'),
(669, '16:00:00', '17:00:00'),
(670, '17:00:00', '18:00:00'),
(671, '08:00:00', '09:00:00'),
(672, '09:00:00', '10:00:00'),
(673, '10:00:00', '11:00:00'),
(674, '11:00:00', '12:00:00'),
(675, '12:00:00', '13:00:00'),
(676, '13:00:00', '14:00:00'),
(677, '14:00:00', '15:00:00'),
(678, '15:00:00', '16:00:00'),
(679, '16:00:00', '17:00:00'),
(680, '17:00:00', '18:00:00'),
(681, '08:00:00', '09:00:00'),
(682, '09:00:00', '10:00:00'),
(683, '10:00:00', '11:00:00'),
(684, '11:00:00', '12:00:00'),
(685, '12:00:00', '13:00:00'),
(686, '13:00:00', '14:00:00'),
(687, '14:00:00', '15:00:00'),
(688, '15:00:00', '16:00:00'),
(689, '16:00:00', '17:00:00'),
(690, '17:00:00', '18:00:00'),
(691, '08:00:00', '09:00:00'),
(692, '09:00:00', '10:00:00'),
(693, '10:00:00', '11:00:00'),
(694, '11:00:00', '12:00:00'),
(695, '12:00:00', '13:00:00'),
(696, '13:00:00', '14:00:00'),
(697, '14:00:00', '15:00:00'),
(698, '15:00:00', '16:00:00'),
(699, '16:00:00', '17:00:00'),
(700, '17:00:00', '18:00:00'),
(701, '08:00:00', '09:00:00'),
(702, '09:00:00', '10:00:00'),
(703, '10:00:00', '11:00:00'),
(704, '11:00:00', '12:00:00'),
(705, '12:00:00', '13:00:00'),
(706, '13:00:00', '14:00:00'),
(707, '14:00:00', '15:00:00'),
(708, '15:00:00', '16:00:00'),
(709, '16:00:00', '17:00:00'),
(710, '17:00:00', '18:00:00'),
(711, '08:00:00', '09:00:00'),
(712, '09:00:00', '10:00:00'),
(713, '10:00:00', '11:00:00'),
(714, '11:00:00', '12:00:00'),
(715, '12:00:00', '13:00:00'),
(716, '13:00:00', '14:00:00'),
(717, '14:00:00', '15:00:00'),
(718, '15:00:00', '16:00:00'),
(719, '16:00:00', '17:00:00'),
(720, '17:00:00', '18:00:00'),
(721, '08:00:00', '09:00:00'),
(722, '09:00:00', '10:00:00'),
(723, '10:00:00', '11:00:00'),
(724, '11:00:00', '12:00:00'),
(725, '12:00:00', '13:00:00'),
(726, '13:00:00', '14:00:00'),
(727, '14:00:00', '15:00:00'),
(728, '15:00:00', '16:00:00'),
(729, '16:00:00', '17:00:00'),
(730, '17:00:00', '18:00:00'),
(731, '08:00:00', '09:00:00'),
(732, '09:00:00', '10:00:00'),
(733, '10:00:00', '11:00:00'),
(734, '11:00:00', '12:00:00'),
(735, '12:00:00', '13:00:00'),
(736, '13:00:00', '14:00:00'),
(737, '14:00:00', '15:00:00'),
(738, '15:00:00', '16:00:00'),
(739, '16:00:00', '17:00:00'),
(740, '17:00:00', '18:00:00'),
(741, '08:00:00', '09:00:00'),
(742, '09:00:00', '10:00:00'),
(743, '10:00:00', '11:00:00'),
(744, '11:00:00', '12:00:00'),
(745, '12:00:00', '13:00:00'),
(746, '13:00:00', '14:00:00'),
(747, '14:00:00', '15:00:00'),
(748, '15:00:00', '16:00:00'),
(749, '16:00:00', '17:00:00'),
(750, '17:00:00', '18:00:00'),
(751, '08:00:00', '09:00:00'),
(752, '09:00:00', '10:00:00'),
(753, '10:00:00', '11:00:00'),
(754, '11:00:00', '12:00:00'),
(755, '12:00:00', '13:00:00'),
(756, '13:00:00', '14:00:00'),
(757, '14:00:00', '15:00:00'),
(758, '15:00:00', '16:00:00'),
(759, '16:00:00', '17:00:00'),
(760, '17:00:00', '18:00:00'),
(761, '08:00:00', '09:00:00'),
(762, '09:00:00', '10:00:00'),
(763, '10:00:00', '11:00:00'),
(764, '11:00:00', '12:00:00'),
(765, '12:00:00', '13:00:00'),
(766, '13:00:00', '14:00:00'),
(767, '14:00:00', '15:00:00'),
(768, '15:00:00', '16:00:00'),
(769, '16:00:00', '17:00:00'),
(770, '17:00:00', '18:00:00'),
(771, '08:00:00', '09:00:00'),
(772, '09:00:00', '10:00:00'),
(773, '10:00:00', '11:00:00'),
(774, '11:00:00', '12:00:00'),
(775, '12:00:00', '13:00:00'),
(776, '13:00:00', '14:00:00'),
(777, '14:00:00', '15:00:00'),
(778, '15:00:00', '16:00:00'),
(779, '16:00:00', '17:00:00'),
(780, '17:00:00', '18:00:00'),
(781, '08:00:00', '09:00:00'),
(782, '09:00:00', '10:00:00'),
(783, '10:00:00', '11:00:00'),
(784, '11:00:00', '12:00:00'),
(785, '12:00:00', '13:00:00'),
(786, '13:00:00', '14:00:00'),
(787, '14:00:00', '15:00:00'),
(788, '15:00:00', '16:00:00'),
(789, '16:00:00', '17:00:00'),
(790, '17:00:00', '18:00:00'),
(791, '08:00:00', '09:00:00'),
(792, '09:00:00', '10:00:00'),
(793, '10:00:00', '11:00:00'),
(794, '11:00:00', '12:00:00'),
(795, '12:00:00', '13:00:00'),
(796, '13:00:00', '14:00:00'),
(797, '14:00:00', '15:00:00'),
(798, '15:00:00', '16:00:00'),
(799, '16:00:00', '17:00:00'),
(800, '17:00:00', '18:00:00'),
(801, '08:00:00', '09:00:00'),
(802, '09:00:00', '10:00:00'),
(803, '10:00:00', '11:00:00'),
(804, '11:00:00', '12:00:00'),
(805, '12:00:00', '13:00:00'),
(806, '13:00:00', '14:00:00'),
(807, '14:00:00', '15:00:00'),
(808, '15:00:00', '16:00:00'),
(809, '16:00:00', '17:00:00'),
(810, '17:00:00', '18:00:00'),
(811, '08:00:00', '09:00:00'),
(812, '09:00:00', '10:00:00'),
(813, '10:00:00', '11:00:00'),
(814, '11:00:00', '12:00:00'),
(815, '12:00:00', '13:00:00'),
(816, '13:00:00', '14:00:00'),
(817, '14:00:00', '15:00:00'),
(818, '15:00:00', '16:00:00'),
(819, '16:00:00', '17:00:00'),
(820, '17:00:00', '18:00:00'),
(821, '08:00:00', '09:00:00'),
(822, '09:00:00', '10:00:00'),
(823, '10:00:00', '11:00:00'),
(824, '11:00:00', '12:00:00'),
(825, '12:00:00', '13:00:00'),
(826, '13:00:00', '14:00:00'),
(827, '14:00:00', '15:00:00'),
(828, '15:00:00', '16:00:00'),
(829, '16:00:00', '17:00:00'),
(830, '17:00:00', '18:00:00'),
(831, '08:00:00', '09:00:00'),
(832, '09:00:00', '10:00:00'),
(833, '10:00:00', '11:00:00'),
(834, '11:00:00', '12:00:00'),
(835, '12:00:00', '13:00:00'),
(836, '13:00:00', '14:00:00'),
(837, '14:00:00', '15:00:00'),
(838, '15:00:00', '16:00:00'),
(839, '16:00:00', '17:00:00'),
(840, '17:00:00', '18:00:00'),
(841, '08:00:00', '09:00:00'),
(842, '09:00:00', '10:00:00'),
(843, '10:00:00', '11:00:00'),
(844, '11:00:00', '12:00:00'),
(845, '12:00:00', '13:00:00'),
(846, '13:00:00', '14:00:00'),
(847, '14:00:00', '15:00:00'),
(848, '15:00:00', '16:00:00'),
(849, '16:00:00', '17:00:00'),
(850, '17:00:00', '18:00:00'),
(851, '08:00:00', '09:00:00'),
(852, '09:00:00', '10:00:00'),
(853, '10:00:00', '11:00:00'),
(854, '11:00:00', '12:00:00'),
(855, '12:00:00', '13:00:00'),
(856, '13:00:00', '14:00:00'),
(857, '14:00:00', '15:00:00'),
(858, '15:00:00', '16:00:00'),
(859, '16:00:00', '17:00:00'),
(860, '17:00:00', '18:00:00'),
(861, '08:00:00', '09:00:00'),
(862, '09:00:00', '10:00:00'),
(863, '10:00:00', '11:00:00'),
(864, '11:00:00', '12:00:00'),
(865, '12:00:00', '13:00:00'),
(866, '13:00:00', '14:00:00'),
(867, '14:00:00', '15:00:00'),
(868, '15:00:00', '16:00:00'),
(869, '16:00:00', '17:00:00'),
(870, '17:00:00', '18:00:00'),
(871, '08:00:00', '09:00:00'),
(872, '09:00:00', '10:00:00'),
(873, '10:00:00', '11:00:00'),
(874, '11:00:00', '12:00:00'),
(875, '12:00:00', '13:00:00'),
(876, '13:00:00', '14:00:00'),
(877, '14:00:00', '15:00:00'),
(878, '15:00:00', '16:00:00'),
(879, '16:00:00', '17:00:00'),
(880, '17:00:00', '18:00:00'),
(881, '08:00:00', '09:00:00'),
(882, '09:00:00', '10:00:00'),
(883, '10:00:00', '11:00:00'),
(884, '11:00:00', '12:00:00'),
(885, '12:00:00', '13:00:00'),
(886, '13:00:00', '14:00:00'),
(887, '14:00:00', '15:00:00'),
(888, '15:00:00', '16:00:00'),
(889, '16:00:00', '17:00:00'),
(890, '17:00:00', '18:00:00'),
(891, '08:00:00', '09:00:00'),
(892, '09:00:00', '10:00:00'),
(893, '10:00:00', '11:00:00'),
(894, '11:00:00', '12:00:00'),
(895, '12:00:00', '13:00:00'),
(896, '13:00:00', '14:00:00'),
(897, '14:00:00', '15:00:00'),
(898, '15:00:00', '16:00:00'),
(899, '16:00:00', '17:00:00'),
(900, '17:00:00', '18:00:00'),
(901, '08:00:00', '09:00:00'),
(902, '09:00:00', '10:00:00'),
(903, '10:00:00', '11:00:00'),
(904, '11:00:00', '12:00:00'),
(905, '12:00:00', '13:00:00'),
(906, '13:00:00', '14:00:00'),
(907, '14:00:00', '15:00:00'),
(908, '15:00:00', '16:00:00'),
(909, '16:00:00', '17:00:00'),
(910, '17:00:00', '18:00:00'),
(911, '08:00:00', '09:00:00'),
(912, '09:00:00', '10:00:00'),
(913, '10:00:00', '11:00:00'),
(914, '11:00:00', '12:00:00'),
(915, '12:00:00', '13:00:00'),
(916, '13:00:00', '14:00:00'),
(917, '14:00:00', '15:00:00'),
(918, '15:00:00', '16:00:00'),
(919, '16:00:00', '17:00:00'),
(920, '17:00:00', '18:00:00'),
(921, '08:00:00', '09:00:00'),
(922, '09:00:00', '10:00:00'),
(923, '10:00:00', '11:00:00'),
(924, '11:00:00', '12:00:00'),
(925, '12:00:00', '13:00:00'),
(926, '13:00:00', '14:00:00'),
(927, '14:00:00', '15:00:00'),
(928, '15:00:00', '16:00:00'),
(929, '16:00:00', '17:00:00'),
(930, '17:00:00', '18:00:00'),
(931, '08:00:00', '09:00:00'),
(932, '09:00:00', '10:00:00'),
(933, '10:00:00', '11:00:00'),
(934, '11:00:00', '12:00:00'),
(935, '12:00:00', '13:00:00'),
(936, '13:00:00', '14:00:00'),
(937, '14:00:00', '15:00:00'),
(938, '15:00:00', '16:00:00'),
(939, '16:00:00', '17:00:00'),
(940, '17:00:00', '18:00:00'),
(941, '08:00:00', '09:00:00'),
(942, '09:00:00', '10:00:00'),
(943, '10:00:00', '11:00:00'),
(944, '11:00:00', '12:00:00'),
(945, '12:00:00', '13:00:00'),
(946, '13:00:00', '14:00:00'),
(947, '14:00:00', '15:00:00'),
(948, '15:00:00', '16:00:00'),
(949, '16:00:00', '17:00:00'),
(950, '17:00:00', '18:00:00'),
(951, '08:00:00', '09:00:00'),
(952, '09:00:00', '10:00:00'),
(953, '10:00:00', '11:00:00'),
(954, '11:00:00', '12:00:00'),
(955, '12:00:00', '13:00:00'),
(956, '13:00:00', '14:00:00'),
(957, '14:00:00', '15:00:00'),
(958, '15:00:00', '16:00:00'),
(959, '16:00:00', '17:00:00'),
(960, '17:00:00', '18:00:00'),
(961, '08:00:00', '09:00:00'),
(962, '09:00:00', '10:00:00'),
(963, '10:00:00', '11:00:00'),
(964, '11:00:00', '12:00:00'),
(965, '12:00:00', '13:00:00'),
(966, '13:00:00', '14:00:00'),
(967, '14:00:00', '15:00:00'),
(968, '15:00:00', '16:00:00'),
(969, '16:00:00', '17:00:00'),
(970, '17:00:00', '18:00:00'),
(971, '08:00:00', '09:00:00'),
(972, '09:00:00', '10:00:00'),
(973, '10:00:00', '11:00:00'),
(974, '11:00:00', '12:00:00'),
(975, '12:00:00', '13:00:00'),
(976, '13:00:00', '14:00:00'),
(977, '14:00:00', '15:00:00'),
(978, '15:00:00', '16:00:00'),
(979, '16:00:00', '17:00:00'),
(980, '17:00:00', '18:00:00'),
(981, '08:00:00', '09:00:00'),
(982, '09:00:00', '10:00:00'),
(983, '10:00:00', '11:00:00'),
(984, '11:00:00', '12:00:00'),
(985, '12:00:00', '13:00:00'),
(986, '13:00:00', '14:00:00'),
(987, '14:00:00', '15:00:00'),
(988, '15:00:00', '16:00:00'),
(989, '16:00:00', '17:00:00'),
(990, '17:00:00', '18:00:00'),
(991, '08:00:00', '09:00:00'),
(992, '09:00:00', '10:00:00'),
(993, '10:00:00', '11:00:00'),
(994, '11:00:00', '12:00:00'),
(995, '12:00:00', '13:00:00'),
(996, '13:00:00', '14:00:00'),
(997, '14:00:00', '15:00:00'),
(998, '15:00:00', '16:00:00'),
(999, '16:00:00', '17:00:00'),
(1000, '17:00:00', '18:00:00');

-- --------------------------------------------------------

--
-- Table structure for table `booking_time_details`
--

CREATE TABLE `booking_time_details` (
  `id` int(11) NOT NULL,
  `booking_id` int(11) DEFAULT NULL,
  `time_id` int(11) DEFAULT NULL
) ENGINE=InnoDB DEFAULT CHARSET=utf8mb4 COLLATE=utf8mb4_general_ci;

--
-- Dumping data for table `booking_time_details`
--

INSERT INTO `booking_time_details` (`id`, `booking_id`, `time_id`) VALUES
(1, 1, 1),
(2, 1, 2),
(3, 2, 3),
(4, 3, 4),
(5, 4, 5);

-- --------------------------------------------------------

--
-- Table structure for table `categories`
--

CREATE TABLE `categories` (
  `id` int(11) NOT NULL,
  `name` varchar(50) DEFAULT NULL
) ENGINE=InnoDB DEFAULT CHARSET=utf8mb4 COLLATE=utf8mb4_general_ci;

--
-- Dumping data for table `categories`
--

INSERT INTO `categories` (`id`, `name`) VALUES
(1, 'Small'),
(2, 'Medium'),
(3, 'Large');

-- --------------------------------------------------------

--
-- Table structure for table `rooms`
--

CREATE TABLE `rooms` (
  `id` int(11) NOT NULL,
  `name` varchar(100) DEFAULT NULL,
  `category_id` int(11) DEFAULT NULL,
  `capacity` int(11) DEFAULT NULL,
  `price` decimal(10,2) DEFAULT NULL
) ENGINE=InnoDB DEFAULT CHARSET=utf8mb4 COLLATE=utf8mb4_general_ci;

--
-- Dumping data for table `rooms`
--

INSERT INTO `rooms` (`id`, `name`, `category_id`, `capacity`, `price`) VALUES
(1, 'Ruang A', 1, 4, 50000.00),
(2, 'Ruang B', 2, 8, 100000.00),
(3, 'Ruang C', 2, 10, 120000.00),
(4, 'Ruang D', 3, 20, 200000.00),
(5, 'Ruang E', 1, 2, 40000.00);

-- --------------------------------------------------------

--
-- Table structure for table `users`
--

CREATE TABLE `users` (
  `id` int(11) NOT NULL,
  `name` varchar(100) DEFAULT NULL,
  `email` varchar(100) DEFAULT NULL,
  `password` varchar(255) DEFAULT NULL,
  `created_at` timestamp NOT NULL DEFAULT current_timestamp()
) ENGINE=InnoDB DEFAULT CHARSET=utf8mb4 COLLATE=utf8mb4_general_ci;

--
-- Dumping data for table `users`
--

INSERT INTO `users` (`id`, `name`, `email`, `password`, `created_at`) VALUES
(1, 'Ali', 'ali@example.com', 'pass123', '2025-07-17 16:41:24'),
(2, 'Budi', 'budi@example.com', 'pass123', '2025-07-17 16:41:24'),
(3, 'Citra', 'citra@example.com', 'pass123', '2025-07-17 16:41:24'),
(4, 'Dina', 'dina@example.com', 'pass123', '2025-07-17 16:41:24'),
(5, 'Eko', 'eko@example.com', 'pass123', '2025-07-17 16:41:24'),
(6, 'R.M. Kusuma Yuliarti, S.H.', 'firmansyahgadang@yahoo.com', 'password123', '2025-07-17 16:46:08'),
(7, 'Carub Maulana', 'galiono15@perum.or.id', 'password123', '2025-07-17 16:46:08'),
(8, 'Sarah Winarno', 'yosef51@gmail.com', 'password123', '2025-07-17 16:46:08'),
(9, 'Yulia Megantara', 'darsirahsaputra@yahoo.com', 'password123', '2025-07-17 16:46:08'),
(10, 'Utama Halim', 'balijananggraini@gmail.com', 'password123', '2025-07-17 16:46:08'),
(11, 'Kayla Megantara', 'widya08@perum.gov', 'password123', '2025-07-17 16:46:08'),
(12, 'Bakiadi Sinaga, S.Kom', 'hmahendra@hotmail.com', 'password123', '2025-07-17 16:46:08'),
(13, 'R.A. Halima Winarno', 'asuryatmi@gmail.com', 'password123', '2025-07-17 16:46:08'),
(14, 'Jagaraga Samosir', 'shania02@hotmail.com', 'password123', '2025-07-17 16:46:08'),
(15, 'Clara Sudiati', 'narjiwidiastuti@cv.com', 'password123', '2025-07-17 16:46:08'),
(16, 'Vanya Nurdiyanti', 'kawaca03@pt.co.id', 'password123', '2025-07-17 16:46:08'),
(17, 'Tgk. Darijan Prastuti, S.E.I', 'sabar70@perum.mil.id', 'password123', '2025-07-17 16:46:08'),
(18, 'Wasis Hardiansyah', 'rajasagara@cv.net', 'password123', '2025-07-17 16:46:08'),
(19, 'Sakura Tampubolon', 'awaluyo@hotmail.com', 'password123', '2025-07-17 16:46:08'),
(20, 'Drs. Hafshah Suryatmi, S.Psi', 'hari78@hotmail.com', 'password123', '2025-07-17 16:46:08'),
(21, 'H. Ikin Namaga', 'zulkarnainlaila@perum.net', 'password123', '2025-07-17 16:46:08'),
(22, 'drg. Ira Yulianti, M.Pd', 'ajiman87@hotmail.com', 'password123', '2025-07-17 16:46:08'),
(23, 'Drs. Baktianto Wahyuni', 'wulan25@hotmail.com', 'password123', '2025-07-17 16:46:08'),
(24, 'R. Enteng Adriansyah', 'qgunarto@gmail.com', 'password123', '2025-07-17 16:46:08'),
(25, 'Dt. Prayoga Santoso', 'ifadabukke@pt.id', 'password123', '2025-07-17 16:46:08'),
(26, 'Ulva Purwanti, S.E.', 'adhiarja31@pt.org', 'password123', '2025-07-17 16:46:08'),
(27, 'Mulya Suryatmi', 'pmegantara@gmail.com', 'password123', '2025-07-17 16:46:08'),
(28, 'Alika Puspasari', 'fathonah41@yahoo.com', 'password123', '2025-07-17 16:46:08'),
(29, 'Kadir Mulyani, M.Ak', 'haryantisalman@hotmail.com', 'password123', '2025-07-17 16:46:08'),
(30, 'Amelia Latupono', 'rpuspita@cv.net.id', 'password123', '2025-07-17 16:46:08'),
(31, 'R.M. Asman Anggraini, M.TI.', 'septi40@yahoo.com', 'password123', '2025-07-17 16:46:08'),
(32, 'Carub Yuliarti', 'titin59@pd.edu', 'password123', '2025-07-17 16:46:08'),
(33, 'Taswir Saefullah, S.T.', 'dmahendra@gmail.com', 'password123', '2025-07-17 16:46:08'),
(34, 'Hj. Rahmi Utami, S.Ked', 'hafshah22@cv.edu', 'password123', '2025-07-17 16:46:08'),
(35, 'Drs. Elvina Nurdiyanti, M.M.', 'patricia76@yahoo.com', 'password123', '2025-07-17 16:46:08'),
(36, 'Luthfi Halim', 'michelleharyanto@perum.or.id', 'password123', '2025-07-17 16:46:08'),
(37, 'Ida Namaga', 'mprasasta@gmail.com', 'password123', '2025-07-17 16:46:08'),
(38, 'Luluh Prastuti', 'marbunmulya@hotmail.com', 'password123', '2025-07-17 16:46:08'),
(39, 'Hj. Paris Laksita', 'emegantara@pd.ponpes.id', 'password123', '2025-07-17 16:46:08'),
(40, 'Salimah Dabukke', 'apurwanti@perum.com', 'password123', '2025-07-17 16:46:08'),
(41, 'dr. Agus Rahmawati', 'nyuliarti@yahoo.com', 'password123', '2025-07-17 16:46:08'),
(42, 'drg. Cornelia Wibisono, M.Kom.', 'munimaulana@perum.mil', 'password123', '2025-07-17 16:46:08'),
(43, 'Vivi Prasasta', 'raden55@pd.sch.id', 'password123', '2025-07-17 16:46:08'),
(44, 'Indra Hutagalung', 'najmudinkania@cv.ponpes.id', 'password123', '2025-07-17 16:46:08'),
(45, 'Oliva Usada', 'queenlaksmiwati@hotmail.com', 'password123', '2025-07-17 16:46:08'),
(46, 'Vera Gunawan', 'wulandariutama@cv.net', 'password123', '2025-07-17 16:46:08'),
(47, 'Patricia Widiastuti', 'agus79@cv.biz.id', 'password123', '2025-07-17 16:46:08'),
(48, 'drg. Jayeng Waskita, M.Farm', 'xfarida@ud.ac.id', 'password123', '2025-07-17 16:46:08'),
(49, 'Natalia Mayasari, M.Pd', 'ikhsanhartati@perum.biz.id', 'password123', '2025-07-17 16:46:08'),
(50, 'Xanana Nainggolan', 'oktagunarto@yahoo.com', 'password123', '2025-07-17 16:46:08'),
(51, 'Nadine Marbun, S.I.Kom', 'hasnaiswahyudi@hotmail.com', 'password123', '2025-07-17 16:46:08'),
(52, 'Kayla Hakim, S.IP', 'nnasyiah@hotmail.com', 'password123', '2025-07-17 16:46:08'),
(53, 'Bajragin Najmudin', 'jailanidaliman@yahoo.com', 'password123', '2025-07-17 16:46:08'),
(54, 'Damar Prakasa', 'kemalwidiastuti@hotmail.com', 'password123', '2025-07-17 16:46:08'),
(55, 'Sakura Prasasta', 'budimangada@pd.co.id', 'password123', '2025-07-17 16:46:08'),
(56, 'Sabrina Purwanti', 'hidayatina@cv.go.id', 'password123', '2025-07-17 16:46:08'),
(57, 'drg. Yulia Astuti', 'prasastakayun@gmail.com', 'password123', '2025-07-17 16:46:08'),
(58, 'Hj. Elisa Mandala, S.Farm', 'prabowo06@ud.mil', 'password123', '2025-07-17 16:46:08'),
(59, 'Paris Lestari', 'dariati59@gmail.com', 'password123', '2025-07-17 16:46:08'),
(60, 'Cindy Adriansyah', 'kpuspasari@hotmail.com', 'password123', '2025-07-17 16:46:08'),
(61, 'Salman Saefullah, M.Pd', 'kuswandarigantar@yahoo.com', 'password123', '2025-07-17 16:46:08'),
(62, 'Karman Prasetyo', 'mursitanovitasari@pt.int', 'password123', '2025-07-17 16:46:08'),
(63, 'Kamila Siregar', 'dnovitasari@yahoo.com', 'password123', '2025-07-17 16:46:08'),
(64, 'Ir. Dartono Pradana, M.Kom.', 'vastuti@ud.my.id', 'password123', '2025-07-17 16:46:08'),
(65, 'Kamila Puspasari', 'jessicausada@cv.ponpes.id', 'password123', '2025-07-17 16:46:08'),
(66, 'drg. Timbul Prabowo, M.TI.', 'kembapudjiastuti@gmail.com', 'password123', '2025-07-17 16:46:08'),
(67, 'R. Rachel Situmorang', 'rajasadimaz@pt.org', 'password123', '2025-07-17 16:46:08'),
(68, 'Makuta Rajata, S.Farm', 'laksmiwatidimaz@hotmail.com', 'password123', '2025-07-17 16:46:08'),
(69, 'Tgk. Ayu Yolanda, M.Pd', 'safinakuswoyo@pd.web.id', 'password123', '2025-07-17 16:46:08'),
(70, 'Nurul Hakim', 'prayoga82@perum.ac.id', 'password123', '2025-07-17 16:46:08'),
(71, 'Atma Zulaika', 'yulia10@pt.net.id', 'password123', '2025-07-17 16:46:08'),
(72, 'Kamila Handayani', 'auroraprabowo@ud.web.id', 'password123', '2025-07-17 16:46:08'),
(73, 'R. Tira Sihotang', 'safitririka@hotmail.com', 'password123', '2025-07-17 16:46:08'),
(74, 'Hj. Ghaliyati Lailasari', 'jailanizelda@hotmail.com', 'password123', '2025-07-17 16:46:08'),
(75, 'Tania Kurniawan, S.Pd', 'kyuniar@hotmail.com', 'password123', '2025-07-17 16:46:08'),
(76, 'Umar Dabukke, S.Farm', 'langgengsiregar@pd.net.id', 'password123', '2025-07-17 16:46:08'),
(77, 'Darijan Pranowo', 'prayogokuswoyo@hotmail.com', 'password123', '2025-07-17 16:46:08'),
(78, 'Umi Rahmawati', 'chabibi@yahoo.com', 'password123', '2025-07-17 16:46:08'),
(79, 'Ulva Wijayanti, S.E.I', 'zpermata@perum.sch.id', 'password123', '2025-07-17 16:46:08'),
(80, 'Warsa Utami', 'lukita06@hotmail.com', 'password123', '2025-07-17 16:46:08'),
(81, 'Kasim Nainggolan', 'omar34@ud.org', 'password123', '2025-07-17 16:46:08'),
(82, 'Tari Budiyanto, S.T.', 'jagapatilatupono@perum.go.id', 'password123', '2025-07-17 16:46:08'),
(83, 'Dr. Ghaliyati Utama, S.H.', 'azaleasitompul@cv.mil.id', 'password123', '2025-07-17 16:46:08'),
(84, 'Ana Suwarno, S.Farm', 'gandi98@hotmail.com', 'password123', '2025-07-17 16:46:08'),
(85, 'Hj. Keisha Padmasari', 'wasitaedi@pd.co.id', 'password123', '2025-07-17 16:46:08'),
(86, 'Laras Mulyani', 'laksananababan@hotmail.com', 'password123', '2025-07-17 16:46:08'),
(87, 'Rachel Marpaung', 'victoria07@cv.web.id', 'password123', '2025-07-17 16:46:08'),
(88, 'Bagiya Maulana, S.Gz', 'ulvaprastuti@perum.go.id', 'password123', '2025-07-17 16:46:08'),
(89, 'Dr. Balijan Nugroho, M.Pd', 'fdabukke@cv.biz.id', 'password123', '2025-07-17 16:46:08'),
(90, 'Kayla Prakasa', 'riyantihilda@pt.id', 'password123', '2025-07-17 16:46:08'),
(91, 'Timbul Haryanti, S.H.', 'pmansur@ud.mil', 'password123', '2025-07-17 16:46:08'),
(92, 'Drs. Chelsea Puspasari', 'endraprakasa@gmail.com', 'password123', '2025-07-17 16:46:08'),
(93, 'Budi Hutagalung', 'pnashiruddin@yahoo.com', 'password123', '2025-07-17 16:46:08'),
(94, 'Natalia Melani', 'prakasagantar@hotmail.com', 'password123', '2025-07-17 16:46:08'),
(95, 'Cinta Situmorang', 'novapuspasari@gmail.com', 'password123', '2025-07-17 16:46:08'),
(96, 'Drs. Niyaga Salahudin', 'budiprastuti@gmail.com', 'password123', '2025-07-17 16:46:08'),
(97, 'Sakura Lestari', 'hsuwarno@yahoo.com', 'password123', '2025-07-17 16:46:08'),
(98, 'Narji Saputra', 'ttarihoran@pt.net.id', 'password123', '2025-07-17 16:46:08'),
(99, 'Zulfa Wastuti', 'putiwijaya@hotmail.com', 'password123', '2025-07-17 16:46:08'),
(100, 'Sakura Hidayat', 'ymahendra@gmail.com', 'password123', '2025-07-17 16:46:08'),
(101, 'Jelita Siregar, S.Gz', 'taryani@pt.ponpes.id', 'password123', '2025-07-17 16:46:08'),
(102, 'Kasusra Mayasari', 'vwidodo@hotmail.com', 'password123', '2025-07-17 16:46:08'),
(103, 'Kamaria Agustina', 'sakarajasa@cv.ac.id', 'password123', '2025-07-17 16:46:08'),
(104, 'Budi Habibi', 'vutama@gmail.com', 'password123', '2025-07-17 16:46:08'),
(105, 'H. Jamal Uyainah, S.Sos', 'xmustofa@perum.net.id', 'password123', '2025-07-17 16:46:08'),
(106, 'Humaira Nuraini, S.IP', 'qsamosir@yahoo.com', 'password123', '2025-07-17 16:46:08'),
(107, 'drg. Mulyono Pradipta, S.Psi', 'uwaiscahyadi@gmail.com', 'password123', '2025-07-17 16:46:08'),
(108, 'Mariadi Maulana', 'pianababan@pt.co.id', 'password123', '2025-07-17 16:46:08'),
(109, 'Dr. Oliva Halimah, M.Ak', 'gatra18@hotmail.com', 'password123', '2025-07-17 16:46:08'),
(110, 'Puti Sari Wastuti', 'lasmonomustofa@gmail.com', 'password123', '2025-07-17 16:46:08'),
(111, 'Emong Santoso', 'widiastutiartanto@yahoo.com', 'password123', '2025-07-17 16:46:08'),
(112, 'Unjani Tampubolon', 'hasnasitumorang@gmail.com', 'password123', '2025-07-17 16:46:08'),
(113, 'Aisyah Maryati', 'kenarinashiruddin@gmail.com', 'password123', '2025-07-17 16:46:08'),
(114, 'R. Edi Sihotang', 'saiful28@gmail.com', 'password123', '2025-07-17 16:46:08'),
(115, 'Diah Lailasari, S.I.Kom', 'enainggolan@cv.mil.id', 'password123', '2025-07-17 16:46:08'),
(116, 'Kasiyah Yuliarti', 'rhartati@hotmail.com', 'password123', '2025-07-17 16:46:08'),
(117, 'Darimin Megantara', 'purnawatiqori@yahoo.com', 'password123', '2025-07-17 16:46:08'),
(118, 'Olga Wahyudin', 'wahyunicahyono@pd.edu', 'password123', '2025-07-17 16:46:08'),
(119, 'Qori Namaga', 'smahendra@pd.sch.id', 'password123', '2025-07-17 16:46:08'),
(120, 'Galur Salahudin', 'cahyo95@gmail.com', 'password123', '2025-07-17 16:46:08'),
(121, 'Diana Haryanto', 'yuliantimahfud@ud.id', 'password123', '2025-07-17 16:46:08'),
(122, 'Cahyadi Nasyidah', 'jpuspita@pd.com', 'password123', '2025-07-17 16:46:08'),
(123, 'Hafshah Rajasa', 'heryantoandriani@pd.int', 'password123', '2025-07-17 16:46:08'),
(124, 'Tiara Puspasari', 'csitumorang@ud.org', 'password123', '2025-07-17 16:46:08'),
(125, 'Cinthia Prasasta', 'septiusamah@gmail.com', 'password123', '2025-07-17 16:46:08'),
(126, 'Gandi Hutagalung', 'puspasarirespati@gmail.com', 'password123', '2025-07-17 16:46:08'),
(127, 'Mumpuni Wacana', 'wpermata@pd.com', 'password123', '2025-07-17 16:46:08'),
(128, 'Hj. Fitria Permata, S.I.Kom', 'unjanimaryati@perum.mil', 'password123', '2025-07-17 16:46:08'),
(129, 'dr. Darmana Yuniar', 'warsita89@hotmail.com', 'password123', '2025-07-17 16:46:08'),
(130, 'Kania Wastuti, S.Pt', 'jaka56@hotmail.com', 'password123', '2025-07-17 16:46:08'),
(131, 'KH. Yosef Puspita, M.Farm', 'kusmawatirika@gmail.com', 'password123', '2025-07-17 16:46:08'),
(132, 'Tari Hidayanto', 'igunarto@hotmail.com', 'password123', '2025-07-17 16:46:08'),
(133, 'Baktianto Permadi', 'nasyiahcemeti@hotmail.com', 'password123', '2025-07-17 16:46:08'),
(134, 'Ikin Wastuti', 'melindakurniawan@pd.or.id', 'password123', '2025-07-17 16:46:08'),
(135, 'Dr. Vivi Adriansyah, S.I.Kom', 'napitupulukala@gmail.com', 'password123', '2025-07-17 16:46:08'),
(136, 'Tgk. Gawati Putra, M.Farm', 'ediutami@ud.desa.id', 'password123', '2025-07-17 16:46:08'),
(137, 'Rafi Andriani, M.M.', 'mpuspasari@pd.org', 'password123', '2025-07-17 16:46:08'),
(138, 'Dagel Utama', 'gunawanwani@hotmail.com', 'password123', '2025-07-17 16:46:08'),
(139, 'Alambana Zulkarnain', 'jsirait@gmail.com', 'password123', '2025-07-17 16:46:08'),
(140, 'Paramita Gunarto', 'wani09@yahoo.com', 'password123', '2025-07-17 16:46:08'),
(141, 'Muni Mandala', 'vprastuti@pt.net', 'password123', '2025-07-17 16:46:08'),
(142, 'Endra Puspita', 'lgunawan@gmail.com', 'password123', '2025-07-17 16:46:08'),
(143, 'Puti Hesti Hasanah, S.Farm', 'laras01@gmail.com', 'password123', '2025-07-17 16:46:08'),
(144, 'Paulin Wahyudin', 'hardiansyahjefri@hotmail.com', 'password123', '2025-07-17 16:46:08'),
(145, 'Bajragin Dabukke', 'ehandayani@perum.org', 'password123', '2025-07-17 16:46:08'),
(146, 'KH. Oman Kurniawan', 'warjiwidiastuti@pt.edu', 'password123', '2025-07-17 16:46:08'),
(147, 'Kayun Safitri', 'tami45@hotmail.com', 'password123', '2025-07-17 16:46:08'),
(148, 'Zamira Santoso', 'bambang85@pt.net.id', 'password123', '2025-07-17 16:46:08'),
(149, 'Makara Wibisono, S.H.', 'pranowoharsana@yahoo.com', 'password123', '2025-07-17 16:46:08'),
(150, 'Olga Hidayat', 'mulyanikartika@ud.co.id', 'password123', '2025-07-17 16:46:08'),
(151, 'Hj. Lalita Haryanto', 'llaksita@perum.biz.id', 'password123', '2025-07-17 16:46:08'),
(152, 'Fitriani Habibi', 'lsiregar@ud.gov', 'password123', '2025-07-17 16:46:08'),
(153, 'Edi Siregar', 'uoktaviani@perum.mil', 'password123', '2025-07-17 16:46:08'),
(154, 'Ir. Belinda Prasasta', 'candrakantaandriani@perum.sch.id', 'password123', '2025-07-17 16:46:08'),
(155, 'R.A. Vanya Haryanto, S.I.Kom', 'usantoso@ud.int', 'password123', '2025-07-17 16:46:08'),
(156, 'R.M. Umar Wibowo', 'novitasariprayogo@perum.web.id', 'password123', '2025-07-17 16:46:08'),
(157, 'Putri Haryanto', 'balidinsiregar@pd.ac.id', 'password123', '2025-07-17 16:46:08'),
(158, 'Gina Wibisono', 'asirwanda71@pd.biz.id', 'password123', '2025-07-17 16:46:08'),
(159, 'Lintang Widodo', 'anommardhiyah@perum.org', 'password123', '2025-07-17 16:46:08'),
(160, 'Amelia Dongoran', 'najwa66@cv.net', 'password123', '2025-07-17 16:46:08'),
(161, 'R.A. Tira Winarsih', 'cakrawalapradana@gmail.com', 'password123', '2025-07-17 16:46:08'),
(162, 'Nadine Purnawati', 'titin81@gmail.com', 'password123', '2025-07-17 16:46:08'),
(163, 'Drs. Nugraha Putra', 'budi36@pt.int', 'password123', '2025-07-17 16:46:08'),
(164, 'KH. Muni Hastuti, S.Gz', 'ridwan67@yahoo.com', 'password123', '2025-07-17 16:46:08'),
(165, 'Erik Zulaika', 'kuswandaripaiman@cv.gov', 'password123', '2025-07-17 16:46:08'),
(166, 'Zelaya Firmansyah', 'irawanvino@pd.ponpes.id', 'password123', '2025-07-17 16:46:08'),
(167, 'Najam Latupono', 'wulandariindah@cv.my.id', 'password123', '2025-07-17 16:46:08'),
(168, 'H. Luthfi Putra', 'evawaluyo@yahoo.com', 'password123', '2025-07-17 16:46:08'),
(169, 'Tgk. Gamani Manullang, M.TI.', 'kadirhutapea@hotmail.com', 'password123', '2025-07-17 16:46:08'),
(170, 'Aris Kuswandari', 'xnashiruddin@ud.mil.id', 'password123', '2025-07-17 16:46:08'),
(171, 'Cut Talia Halimah', 'mutami@cv.edu', 'password123', '2025-07-17 16:46:08'),
(172, 'Elisa Mayasari', 'labuhsamosir@yahoo.com', 'password123', '2025-07-17 16:46:08'),
(173, 'Pia Tampubolon', 'wpranowo@ud.co.id', 'password123', '2025-07-17 16:46:08'),
(174, 'Argono Dongoran', 'malikwinarno@yahoo.com', 'password123', '2025-07-17 16:46:08'),
(175, 'Shania Nuraini', 'wastutibagus@hotmail.com', 'password123', '2025-07-17 16:46:08'),
(176, 'Luthfi Pangestu', 'prayogo07@pd.sch.id', 'password123', '2025-07-17 16:46:08'),
(177, 'Eli Zulkarnain', 'megantarajasmani@perum.my.id', 'password123', '2025-07-17 16:46:08'),
(178, 'Azalea Hardiansyah', 'icha73@yahoo.com', 'password123', '2025-07-17 16:46:08'),
(179, 'Utama Saefullah, M.TI.', 'rajataibun@hotmail.com', 'password123', '2025-07-17 16:46:08'),
(180, 'Darimin Rahimah', 'yogaprasetyo@pd.mil', 'password123', '2025-07-17 16:46:08'),
(181, 'Calista Hasanah', 'ksitompul@perum.or.id', 'password123', '2025-07-17 16:46:08'),
(182, 'Karja Setiawan, M.M.', 'gadang20@hotmail.com', 'password123', '2025-07-17 16:46:08'),
(183, 'dr. Siti Uwais', 'erikpertiwi@perum.gov', 'password123', '2025-07-17 16:46:08'),
(184, 'dr. Eva Anggriawan', 'wkurniawan@cv.co.id', 'password123', '2025-07-17 16:46:08'),
(185, 'Sabrina Mulyani', 'haryantoviolet@hotmail.com', 'password123', '2025-07-17 16:46:08'),
(186, 'Harja Utama', 'fsitumorang@hotmail.com', 'password123', '2025-07-17 16:46:08'),
(187, 'Karimah Widiastuti', 'bella77@yahoo.com', 'password123', '2025-07-17 16:46:08'),
(188, 'Cecep Nainggolan', 'usyi79@pt.id', 'password123', '2025-07-17 16:46:08'),
(189, 'KH. Candra Hastuti', 'thamrindewi@perum.int', 'password123', '2025-07-17 16:46:08'),
(190, 'Caturangga Susanti', 'asmadi04@cv.edu', 'password123', '2025-07-17 16:46:08'),
(191, 'dr. Baktiadi Riyanti, M.Kom.', 'jwulandari@perum.net', 'password123', '2025-07-17 16:46:08'),
(192, 'Ir. Nyoman Prakasa', 'umayayulianti@gmail.com', 'password123', '2025-07-17 16:46:08'),
(193, 'Eka Lailasari', 'taufikpratiwi@gmail.com', 'password123', '2025-07-17 16:46:08'),
(194, 'drg. Hesti Usada', 'ymulyani@yahoo.com', 'password123', '2025-07-17 16:46:08'),
(195, 'Ridwan Suryono', 'paimantamba@pt.ac.id', 'password123', '2025-07-17 16:46:08'),
(196, 'Yuni Prayoga', 'kamaria55@pt.org', 'password123', '2025-07-17 16:46:08'),
(197, 'Natalia Lailasari', 'banara70@hotmail.com', 'password123', '2025-07-17 16:46:08'),
(198, 'Kayla Novitasari', 'aditya75@pd.desa.id', 'password123', '2025-07-17 16:46:08'),
(199, 'Hj. Shania Mangunsong, S.Farm', 'balapati72@perum.gov', 'password123', '2025-07-17 16:46:08'),
(200, 'Harsanto Marpaung', 'jamalprabowo@pd.go.id', 'password123', '2025-07-17 16:46:08'),
(201, 'Ir. Hafshah Simanjuntak, S.T.', 'lpuspita@ud.net', 'password123', '2025-07-17 16:46:08'),
(202, 'Tgk. Kenzie Oktaviani', 'halimahlaswi@yahoo.com', 'password123', '2025-07-17 16:46:08'),
(203, 'Cut Ade Yolanda, M.Farm', 'widodobetania@yahoo.com', 'password123', '2025-07-17 16:46:08'),
(204, 'Lasmanto Anggraini', 'wasitahardana@ud.desa.id', 'password123', '2025-07-17 16:46:08'),
(205, 'Almira Nasyiah', 'lanjarhalimah@pd.int', 'password123', '2025-07-17 16:46:08'),
(206, 'Hesti Firgantoro', 'znamaga@ud.org', 'password123', '2025-07-17 16:46:08'),
(207, 'Citra Prasetya', 'samosirupik@gmail.com', 'password123', '2025-07-17 16:46:08'),
(208, 'R.M. Jumadi Susanti, S.Kom', 'santosoprayitna@cv.co.id', 'password123', '2025-07-17 16:46:08'),
(209, 'Capa Irawan', 'tantri80@cv.edu', 'password123', '2025-07-17 16:46:08'),
(210, 'Mulyanto Dongoran, S.E.I', 'najmudinlili@ud.my.id', 'password123', '2025-07-17 16:46:08'),
(211, 'Jaiman Sudiati', 'halimrajasa@yahoo.com', 'password123', '2025-07-17 16:46:08'),
(212, 'Edward Thamrin', 'talia98@gmail.com', 'password123', '2025-07-17 16:46:08'),
(213, 'Cemplunk Purnawati', 'bgunarto@hotmail.com', 'password123', '2025-07-17 16:46:08'),
(214, 'Amalia Nasyiah', 'sakasudiati@cv.gov', 'password123', '2025-07-17 16:46:08'),
(215, 'Eja Mandasari, S.Gz', 'maryadiputri@yahoo.com', 'password123', '2025-07-17 16:46:08'),
(216, 'T. Kenari Tampubolon, S.Pd', 'kasiranhakim@gmail.com', 'password123', '2025-07-17 16:46:08'),
(217, 'Tami Mardhiyah', 'tasdikanggraini@hotmail.com', 'password123', '2025-07-17 16:46:08'),
(218, 'Zalindra Sihombing', 'bagaslaksmiwati@ud.my.id', 'password123', '2025-07-17 16:46:08'),
(219, 'Taswir Rahayu', 'wasitapangeran@ud.go.id', 'password123', '2025-07-17 16:46:08'),
(220, 'Jais Astuti, S.E.', 'puspasariayu@ud.int', 'password123', '2025-07-17 16:46:08'),
(221, 'Dt. Karna Purnawati', 'psetiawan@ud.net.id', 'password123', '2025-07-17 16:46:08'),
(222, 'Taufik Pranowo', 'uchita39@yahoo.com', 'password123', '2025-07-17 16:46:08'),
(223, 'Tugiman Pertiwi, M.Pd', 'fsimanjuntak@pt.gov', 'password123', '2025-07-17 16:46:08'),
(224, 'Kani Ardianto', 'firmansyahgangsa@hotmail.com', 'password123', '2025-07-17 16:46:08'),
(225, 'Halim Zulaika, S.H.', 'harsanto83@gmail.com', 'password123', '2025-07-17 16:46:08'),
(226, 'Icha Saefullah', 'pratamapaiman@yahoo.com', 'password123', '2025-07-17 16:46:08'),
(227, 'Ir. Endah Padmasari, S.I.Kom', 'johangunarto@pd.go.id', 'password123', '2025-07-17 16:46:08'),
(228, 'Banara Safitri', 'banawifirgantoro@yahoo.com', 'password123', '2025-07-17 16:46:08'),
(229, 'Jessica Dongoran', 'dongorandanu@pt.desa.id', 'password123', '2025-07-17 16:46:08'),
(230, 'Tgk. Anita Andriani', 'zmaryati@perum.net.id', 'password123', '2025-07-17 16:46:08'),
(231, 'drg. Luhung Setiawan', 'kuswandariprabowo@hotmail.com', 'password123', '2025-07-17 16:46:08'),
(232, 'Mariadi Purwanti', 'novitasarizulfa@pt.or.id', 'password123', '2025-07-17 16:46:08'),
(233, 'Mariadi Hidayat, S.Gz', 'jabal88@pd.id', 'password123', '2025-07-17 16:46:08'),
(234, 'dr. Rahayu Astuti, M.Pd', 'dewimaryati@ud.com', 'password123', '2025-07-17 16:46:08'),
(235, 'Ganda Permadi', 'wartahalim@hotmail.com', 'password123', '2025-07-17 16:46:08'),
(236, 'Hj. Titin Prakasa, S.I.Kom', 'maryatiyulia@pd.or.id', 'password123', '2025-07-17 16:46:08'),
(237, 'Rahman Wacana', 'dono07@pt.edu', 'password123', '2025-07-17 16:46:08'),
(238, 'Kenes Andriani', 'hana44@ud.ac.id', 'password123', '2025-07-17 16:46:08'),
(239, 'Dirja Winarno', 'balamantrisaptono@cv.co.id', 'password123', '2025-07-17 16:46:08'),
(240, 'Sutan Leo Laksmiwati', 'banawa63@ud.mil.id', 'password123', '2025-07-17 16:46:08'),
(241, 'Drs. Nadia Pranowo', 'prakasamariadi@gmail.com', 'password123', '2025-07-17 16:46:08'),
(242, 'Zaenab Wahyuni', 'zadriansyah@hotmail.com', 'password123', '2025-07-17 16:46:08'),
(243, 'Pardi Hakim', 'dipa19@perum.or.id', 'password123', '2025-07-17 16:46:08'),
(244, 'Gabriella Safitri', 'praboworahayu@perum.org', 'password123', '2025-07-17 16:46:08'),
(245, 'R.M. Galuh Dongoran', 'owahyuni@gmail.com', 'password123', '2025-07-17 16:46:08'),
(246, 'Fathonah Saragih', 'lidya71@cv.my.id', 'password123', '2025-07-17 16:46:08'),
(247, 'Dr. Margana Wastuti, S.Gz', 'maulanaamalia@yahoo.com', 'password123', '2025-07-17 16:46:08'),
(248, 'Violet Manullang', 'egunawan@yahoo.com', 'password123', '2025-07-17 16:46:08'),
(249, 'Ami Tampubolon', 'bmulyani@gmail.com', 'password123', '2025-07-17 16:46:08'),
(250, 'Utama Prasasta', 'santosopraba@ud.org', 'password123', '2025-07-17 16:46:08'),
(251, 'Ikhsan Lazuardi', 'nardianto@cv.edu', 'password123', '2025-07-17 16:46:08'),
(252, 'Mila Wasita', 'astutiumay@yahoo.com', 'password123', '2025-07-17 16:46:08'),
(253, 'Asirwanda Sihombing', 'andrianikasusra@perum.sch.id', 'password123', '2025-07-17 16:46:08'),
(254, 'Kezia Hutasoit, S.Gz', 'kemba17@pt.sch.id', 'password123', '2025-07-17 16:46:08'),
(255, 'Drs. Safina Zulaika, S.Pd', 'janet66@yahoo.com', 'password123', '2025-07-17 16:46:08'),
(256, 'Latif Hartati', 'urahayu@gmail.com', 'password123', '2025-07-17 16:46:08'),
(257, 'Intan Padmasari', 'htamba@ud.edu', 'password123', '2025-07-17 16:46:08'),
(258, 'Ozy Astuti', 'kenesjailani@hotmail.com', 'password123', '2025-07-17 16:46:08'),
(259, 'Puti Eka Samosir', 'ipudjiastuti@ud.mil.id', 'password123', '2025-07-17 16:46:08'),
(260, 'Balijan Simanjuntak', 'ismailmansur@pd.net', 'password123', '2025-07-17 16:46:08'),
(261, 'Dr. Talia Maryadi, S.Pd', 'jailanijulia@yahoo.com', 'password123', '2025-07-17 16:46:08'),
(262, 'Puti Ajeng Firmansyah, S.H.', 'eutama@hotmail.com', 'password123', '2025-07-17 16:46:08'),
(263, 'Qori Rahmawati, S.T.', 'budiyantojumari@perum.or.id', 'password123', '2025-07-17 16:46:08'),
(264, 'Faizah Aryani, S.Farm', 'chandra97@cv.gov', 'password123', '2025-07-17 16:46:08'),
(265, 'Ira Prasasta', 'ysaputra@perum.go.id', 'password123', '2025-07-17 16:46:08'),
(266, 'Diana Gunarto', 'jelita79@hotmail.com', 'password123', '2025-07-17 16:46:08'),
(267, 'Tirtayasa Hasanah, M.TI.', 'buwais@gmail.com', 'password123', '2025-07-17 16:46:08'),
(268, 'Citra Gunawan', 'hamima96@gmail.com', 'password123', '2025-07-17 16:46:08'),
(269, 'Latika Saefullah', 'gabriellaanggraini@pd.ac.id', 'password123', '2025-07-17 16:46:08'),
(270, 'Sakti Kurniawan', 'bakiadi78@perum.biz.id', 'password123', '2025-07-17 16:46:08'),
(271, 'Chelsea Pranowo, S.Pt', 'cwijayanti@gmail.com', 'password123', '2025-07-17 16:46:08'),
(272, 'T. Catur Halim', 'iswahyudivictoria@cv.desa.id', 'password123', '2025-07-17 16:46:08'),
(273, 'Ir. Putri Kusmawati', 'tira93@pt.co.id', 'password123', '2025-07-17 16:46:08'),
(274, 'Ikin Mardhiyah, S.T.', 'hutapeayuliana@ud.biz.id', 'password123', '2025-07-17 16:46:08'),
(275, 'Endra Pradipta, S.IP', 'dalimamaryati@ud.ac.id', 'password123', '2025-07-17 16:46:08'),
(276, 'Zizi Widiastuti', 'qhandayani@pd.ponpes.id', 'password123', '2025-07-17 16:46:08'),
(277, 'Vicky Nababan', 'wasitasarah@gmail.com', 'password123', '2025-07-17 16:46:08'),
(278, 'Samiah Gunarto, M.TI.', 'salahudinpandu@ud.net.id', 'password123', '2025-07-17 16:46:08'),
(279, 'Ilyas Halim, S.T.', 'fujiatimaras@ud.mil', 'password123', '2025-07-17 16:46:08'),
(280, 'Aswani Nugroho, M.Kom.', 'tari34@gmail.com', 'password123', '2025-07-17 16:46:08'),
(281, 'T. Bakijan Suartini', 'siti26@cv.my.id', 'password123', '2025-07-17 16:46:08'),
(282, 'Kunthara Maryadi', 'wasis44@hotmail.com', 'password123', '2025-07-17 16:46:08'),
(283, 'Dr. Gatot Hutagalung', 'najmudinihsan@yahoo.com', 'password123', '2025-07-17 16:46:08'),
(284, 'R. Rahayu Suwarno, M.Kom.', 'salahudinrika@yahoo.com', 'password123', '2025-07-17 16:46:08'),
(285, 'Sutan Umar Nashiruddin, M.M.', 'cdabukke@pt.go.id', 'password123', '2025-07-17 16:46:08'),
(286, 'Dt. Luis Pangestu', 'xfujiati@pt.net', 'password123', '2025-07-17 16:46:08'),
(287, 'T. Raden Maryati', 'pwasita@yahoo.com', 'password123', '2025-07-17 16:46:08'),
(288, 'Cahyadi Samosir', 'xwastuti@perum.net', 'password123', '2025-07-17 16:46:08'),
(289, 'T. Asmuni Ramadan, S.Kom', 'candrakanta30@hotmail.com', 'password123', '2025-07-17 16:46:08'),
(290, 'Gading Anggriawan', 'bakdarajata@gmail.com', 'password123', '2025-07-17 16:46:08'),
(291, 'Dr. Ellis Wibowo, M.Ak', 'jumadikurniawan@cv.mil.id', 'password123', '2025-07-17 16:46:08'),
(292, 'Ir. Zalindra Pratama', 'kusumozulaikha@pt.net', 'password123', '2025-07-17 16:46:08'),
(293, 'Dartono Riyanti', 'genta92@hotmail.com', 'password123', '2025-07-17 16:46:08'),
(294, 'Puti Ulva Sihotang', 'zelda93@gmail.com', 'password123', '2025-07-17 16:46:08'),
(295, 'Karman Purwanti, S.E.I', 'latikahutapea@yahoo.com', 'password123', '2025-07-17 16:46:08'),
(296, 'Martani Suartini', 'gawati04@hotmail.com', 'password123', '2025-07-17 16:46:08'),
(297, 'Tari Wasita', 'rharyanto@hotmail.com', 'password123', '2025-07-17 16:46:08'),
(298, 'Kasusra Pratiwi', 'padmasaridariati@perum.desa.id', 'password123', '2025-07-17 16:46:08'),
(299, 'Warta Nasyidah', 'eharyanti@hotmail.com', 'password123', '2025-07-17 16:46:08'),
(300, 'Kamila Pertiwi', 'fujiatizamira@hotmail.com', 'password123', '2025-07-17 16:46:08'),
(301, 'Dr. Alika Sirait, S.Kom', 'hidayatteguh@perum.int', 'password123', '2025-07-17 16:46:08'),
(302, 'Mila Yuniar', 'uwinarno@yahoo.com', 'password123', '2025-07-17 16:46:08'),
(303, 'Cindy Kuswoyo, S.E.', 'zulkarnainhasna@hotmail.com', 'password123', '2025-07-17 16:46:08'),
(304, 'Indra Puspita', 'widyawaluyo@cv.web.id', 'password123', '2025-07-17 16:46:08'),
(305, 'Laras Maheswara', 'lidyakusumo@gmail.com', 'password123', '2025-07-17 16:46:08'),
(306, 'Darmana Zulkarnain, M.Farm', 'ilsa36@gmail.com', 'password123', '2025-07-17 16:46:08'),
(307, 'Carla Hutasoit, S.Gz', 'mahesa12@yahoo.com', 'password123', '2025-07-17 16:46:08'),
(308, 'Tgk. Anastasia Andriani, S.Ked', 'yusufnovitasari@pt.or.id', 'password123', '2025-07-17 16:46:08'),
(309, 'R.M. Wisnu Haryanti', 'putusitorus@cv.int', 'password123', '2025-07-17 16:46:08'),
(310, 'Vero Salahudin', 'cayadiutami@yahoo.com', 'password123', '2025-07-17 16:46:08'),
(311, 'Marwata Nainggolan', 'ikhsan74@yahoo.com', 'password123', '2025-07-17 16:46:08'),
(312, 'drg. Febi Mayasari, S.Kom', 'gabriellawahyuni@yahoo.com', 'password123', '2025-07-17 16:46:08'),
(313, 'Tira Sinaga', 'damarnugroho@gmail.com', 'password123', '2025-07-17 16:46:08'),
(314, 'Latika Sirait', 'mpratama@cv.sch.id', 'password123', '2025-07-17 16:46:08'),
(315, 'Juli Habibi', 'sitompuldodo@pt.sch.id', 'password123', '2025-07-17 16:46:08'),
(316, 'Fathonah Pratama', 'mayasariarta@yahoo.com', 'password123', '2025-07-17 16:46:08'),
(317, 'Uli Narpati', 'mutia75@pd.desa.id', 'password123', '2025-07-17 16:46:08'),
(318, 'Puti Gunawan, S.H.', 'wastutihardana@perum.int', 'password123', '2025-07-17 16:46:08'),
(319, 'Yance Ardianto', 'endah67@cv.id', 'password123', '2025-07-17 16:46:08'),
(320, 'Kawaca Permata, S.Kom', 'garanwidodo@gmail.com', 'password123', '2025-07-17 16:46:08'),
(321, 'Karma Lailasari', 'suartinifarhunnisa@yahoo.com', 'password123', '2025-07-17 16:46:08'),
(322, 'drg. Mumpuni Namaga, S.Gz', 'mayasaribagas@yahoo.com', 'password123', '2025-07-17 16:46:08'),
(323, 'Tgk. Dewi Sitorus', 'wacanaargono@ud.net', 'password123', '2025-07-17 16:46:08'),
(324, 'Talia Mulyani', 'dabukkeprasetya@pt.edu', 'password123', '2025-07-17 16:46:08'),
(325, 'Puti Mila Wibowo, S.I.Kom', 'lukman77@yahoo.com', 'password123', '2025-07-17 16:46:08'),
(326, 'drg. Lalita Nuraini', 'hasan78@yahoo.com', 'password123', '2025-07-17 16:46:08'),
(327, 'Dt. Garan Novitasari', 'nrimamarbun@hotmail.com', 'password123', '2025-07-17 16:46:08'),
(328, 'Eva Saragih', 'saefullahirwan@yahoo.com', 'password123', '2025-07-17 16:46:08'),
(329, 'KH. Kadir Saputra', 'asirwadalaksmiwati@cv.org', 'password123', '2025-07-17 16:46:08'),
(330, 'Tira Winarno, S.T.', 'ulvasiregar@hotmail.com', 'password123', '2025-07-17 16:46:08'),
(331, 'Patricia Mangunsong', 'jnababan@gmail.com', 'password123', '2025-07-17 16:46:08'),
(332, 'Hj. Mala Hutasoit', 'sprastuti@yahoo.com', 'password123', '2025-07-17 16:46:08'),
(333, 'Purwadi Ramadan, S.I.Kom', 'karya32@pd.int', 'password123', '2025-07-17 16:46:08'),
(334, 'Dr. Dalima Maulana', 'ssamosir@perum.my.id', 'password123', '2025-07-17 16:46:08'),
(335, 'Cakrajiya Rajata', 'adriansyahjuli@pt.sch.id', 'password123', '2025-07-17 16:46:08'),
(336, 'Mustika Pudjiastuti', 'umay07@yahoo.com', 'password123', '2025-07-17 16:46:08'),
(337, 'Yessi Pradipta', 'gmarbun@hotmail.com', 'password123', '2025-07-17 16:46:08'),
(338, 'Dagel Pratama, M.M.', 'jaisusamah@yahoo.com', 'password123', '2025-07-17 16:46:08'),
(339, 'Puti Vanesa Gunarto', 'jono99@pt.com', 'password123', '2025-07-17 16:46:08'),
(340, 'Kemba Pradipta', 'cagakdabukke@gmail.com', 'password123', '2025-07-17 16:46:08'),
(341, 'Edi Widiastuti', 'kharyanti@pd.sch.id', 'password123', '2025-07-17 16:46:08'),
(342, 'Gaduh Yuliarti, S.Psi', 'mitraprasasta@perum.net.id', 'password123', '2025-07-17 16:46:08'),
(343, 'Shania Simbolon', 'busada@gmail.com', 'password123', '2025-07-17 16:46:08'),
(344, 'Paris Sinaga, S.Pt', 'ajiono17@hotmail.com', 'password123', '2025-07-17 16:46:08'),
(345, 'drg. Bagiya Situmorang', 'safina85@gmail.com', 'password123', '2025-07-17 16:46:08'),
(346, 'drg. Capa Prayoga', 'bagiya56@ud.id', 'password123', '2025-07-17 16:46:08'),
(347, 'Gaman Nasyidah', 'vnasyiah@cv.mil.id', 'password123', '2025-07-17 16:46:08'),
(348, 'Shania Palastri', 'cahyonomaryati@yahoo.com', 'password123', '2025-07-17 16:46:08'),
(349, 'dr. Kenzie Laksita', 'uwaisgaiman@hotmail.com', 'password123', '2025-07-17 16:46:08'),
(350, 'Calista Uyainah', 'tambasepti@pd.ponpes.id', 'password123', '2025-07-17 16:46:08'),
(351, 'Farhunnisa Rahayu, S.Pd', 'lnapitupulu@yahoo.com', 'password123', '2025-07-17 16:46:08'),
(352, 'Ir. Olivia Wibisono, S.Gz', 'vwaskita@pt.sch.id', 'password123', '2025-07-17 16:46:08'),
(353, 'Indah Putra', 'tkusumo@cv.ac.id', 'password123', '2025-07-17 16:46:08'),
(354, 'H. Elon Pangestu, S.Kom', 'kalamaryati@perum.go.id', 'password123', '2025-07-17 16:46:08'),
(355, 'Bancar Zulaika', 'zmardhiyah@gmail.com', 'password123', '2025-07-17 16:46:08'),
(356, 'Bakda Prayoga', 'nurdiyantirosman@gmail.com', 'password123', '2025-07-17 16:46:08'),
(357, 'Gaman Yolanda', 'setiawandiah@yahoo.com', 'password123', '2025-07-17 16:46:08'),
(358, 'Victoria Prayoga, M.Ak', 'ilazuardi@cv.mil.id', 'password123', '2025-07-17 16:46:08'),
(359, 'Eko Rajata, S.T.', 'citrautama@perum.com', 'password123', '2025-07-17 16:46:08'),
(360, 'Jasmin Maryati, S.Pt', 'hputra@gmail.com', 'password123', '2025-07-17 16:46:08'),
(361, 'Ana Utama', 'kemaltampubolon@hotmail.com', 'password123', '2025-07-17 16:46:08'),
(362, 'Malik Rajata, M.Pd', 'halima35@ud.mil.id', 'password123', '2025-07-17 16:46:08'),
(363, 'Melinda Nainggolan', 'fwidodo@hotmail.com', 'password123', '2025-07-17 16:46:08'),
(364, 'Rika Wastuti', 'jmangunsong@yahoo.com', 'password123', '2025-07-17 16:46:08'),
(365, 'Karya Purwanti', 'amalia53@yahoo.com', 'password123', '2025-07-17 16:46:08'),
(366, 'Ir. Anastasia Sihombing', 'naryani@yahoo.com', 'password123', '2025-07-17 16:46:08'),
(367, 'Muhammad Hutagalung, M.TI.', 'vjanuar@yahoo.com', 'password123', '2025-07-17 16:46:08'),
(368, 'Jamil Latupono, S.Pt', 'artawan42@hotmail.com', 'password123', '2025-07-17 16:46:08'),
(369, 'Perkasa Sudiati, S.I.Kom', 'palastrigatra@gmail.com', 'password123', '2025-07-17 16:46:08'),
(370, 'Lasmanto Lailasari', 'emassihombing@pt.int', 'password123', '2025-07-17 16:46:08'),
(371, 'dr. Aris Sihombing', 'sudiatiarta@gmail.com', 'password123', '2025-07-17 16:46:08'),
(372, 'drg. Cengkir Sihombing', 'utamaharimurti@gmail.com', 'password123', '2025-07-17 16:46:08'),
(373, 'Calista Ramadan', 'jayawinarno@hotmail.com', 'password123', '2025-07-17 16:46:08'),
(374, 'Puspa Mandasari', 'gunartocawisono@hotmail.com', 'password123', '2025-07-17 16:46:08'),
(375, 'Nyoman Nasyiah', 'maryadiagnes@hotmail.com', 'password123', '2025-07-17 16:46:08'),
(376, 'Hafshah Uwais', 'pharyanti@pt.id', 'password123', '2025-07-17 16:46:08'),
(377, 'Umaya Susanti', 'nugrohobakiman@hotmail.com', 'password123', '2025-07-17 16:46:08'),
(378, 'Bakti Nugroho', 'zulfaprastuti@gmail.com', 'password123', '2025-07-17 16:46:08'),
(379, 'drg. Salsabila Saputra', 'jindra29@gmail.com', 'password123', '2025-07-17 16:46:08'),
(380, 'dr. Bajragin Utama, S.Pd', 'dnurdiyanti@gmail.com', 'password123', '2025-07-17 16:46:08'),
(381, 'Najwa Pangestu, S.Ked', 'adesihotang@yahoo.com', 'password123', '2025-07-17 16:46:08'),
(382, 'Sari Gunarto, S.Kom', 'prabumandasari@cv.id', 'password123', '2025-07-17 16:46:08'),
(383, 'Edi Tampubolon, S.T.', 'estiono05@hotmail.com', 'password123', '2025-07-17 16:46:08'),
(384, 'KH. Dono Prakasa, S.E.I', 'lilihutagalung@ud.or.id', 'password123', '2025-07-17 16:46:08'),
(385, 'Digdaya Kusumo', 'saptonogangsar@perum.int', 'password123', '2025-07-17 16:46:08'),
(386, 'Bagus Nainggolan, S.E.I', 'ksuwarno@yahoo.com', 'password123', '2025-07-17 16:46:08'),
(387, 'Edison Safitri', 'cemetilazuardi@perum.mil', 'password123', '2025-07-17 16:46:08'),
(388, 'Malika Mansur', 'zelayamarpaung@ud.net.id', 'password123', '2025-07-17 16:46:08'),
(389, 'Darmaji Dabukke', 'sarimayasari@gmail.com', 'password123', '2025-07-17 16:46:08'),
(390, 'Embuh Yuniar', 'ridwansuartini@gmail.com', 'password123', '2025-07-17 16:46:08'),
(391, 'Ivan Thamrin', 'samiahwacana@perum.ac.id', 'password123', '2025-07-17 16:46:08'),
(392, 'T. Marwata Maulana, S.H.', 'nadiawidodo@hotmail.com', 'password123', '2025-07-17 16:46:08'),
(393, 'Sutan Rizki Mahendra, S.Farm', 'alambanasimanjuntak@ud.com', 'password123', '2025-07-17 16:46:08'),
(394, 'Ratna Mustofa', 'lanang86@gmail.com', 'password123', '2025-07-17 16:46:08'),
(395, 'Harsana Widiastuti, M.TI.', 'ramadanajiman@gmail.com', 'password123', '2025-07-17 16:46:08'),
(396, 'Ir. Kamidin Simanjuntak', 'cyuniar@perum.net.id', 'password123', '2025-07-17 16:46:08'),
(397, 'Clara Melani', 'siregaredison@hotmail.com', 'password123', '2025-07-17 16:46:08'),
(398, 'Shania Laksita', 'violetpalastri@cv.web.id', 'password123', '2025-07-17 16:46:08'),
(399, 'Bagiya Tarihoran', 'johan64@gmail.com', 'password123', '2025-07-17 16:46:08'),
(400, 'Tira Yuliarti', 'janetsaputra@pt.sch.id', 'password123', '2025-07-17 16:46:08'),
(401, 'Ir. Qori Zulaika, M.M.', 'himawanmaryadi@hotmail.com', 'password123', '2025-07-17 16:46:08'),
(402, 'Drs. Mulya Laksmiwati', 'whastuti@pd.my.id', 'password123', '2025-07-17 16:46:08'),
(403, 'Anggabaya Namaga', 'almiradamanik@hotmail.com', 'password123', '2025-07-17 16:46:08'),
(404, 'R.M. Labuh Wahyudin, S.Gz', 'januarkemal@pd.desa.id', 'password123', '2025-07-17 16:46:08'),
(405, 'R.A. Rahmi Pudjiastuti, S.IP', 'nurainiemin@perum.sch.id', 'password123', '2025-07-17 16:46:08'),
(406, 'Rina Saputra', 'laksana48@cv.sch.id', 'password123', '2025-07-17 16:46:08'),
(407, 'Maya Maryadi, M.Ak', 'vlaksita@ud.sch.id', 'password123', '2025-07-17 16:46:08'),
(408, 'Nurul Haryanto, S.Pt', 'vinsenpratiwi@gmail.com', 'password123', '2025-07-17 16:46:08'),
(409, 'Puti Kamaria Salahudin', 'siraitulva@pd.desa.id', 'password123', '2025-07-17 16:46:08'),
(410, 'Jumadi Hutasoit', 'pnurdiyanti@yahoo.com', 'password123', '2025-07-17 16:46:08'),
(411, 'Drs. Puput Widiastuti, S.Gz', 'aryaniargono@perum.net.id', 'password123', '2025-07-17 16:46:08'),
(412, 'Yuni Hariyah', 'xrahayu@gmail.com', 'password123', '2025-07-17 16:46:08'),
(413, 'Warsita Simanjuntak', 'tirtayasamustofa@gmail.com', 'password123', '2025-07-17 16:46:08'),
(414, 'Drs. Legawa Zulaika, S.Gz', 'dirjafujiati@perum.biz.id', 'password123', '2025-07-17 16:46:08'),
(415, 'Pangeran Prasasta', 'rahmi64@perum.mil.id', 'password123', '2025-07-17 16:46:08'),
(416, 'Wakiman Pratama', 'winarnoanom@pt.web.id', 'password123', '2025-07-17 16:46:08'),
(417, 'Paulin Latupono, M.M.', 'argono03@pt.id', 'password123', '2025-07-17 16:46:08'),
(418, 'Novi Wulandari', 'wastutikoko@gmail.com', 'password123', '2025-07-17 16:46:08'),
(419, 'Daniswara Uwais', 'inugroho@gmail.com', 'password123', '2025-07-17 16:46:08'),
(420, 'Zalindra Ramadan', 'manullangkambali@hotmail.com', 'password123', '2025-07-17 16:46:08'),
(421, 'Martani Nugroho', 'dpudjiastuti@cv.co.id', 'password123', '2025-07-17 16:46:08'),
(422, 'drg. Titin Hassanah, M.TI.', 'aryanizaenab@yahoo.com', 'password123', '2025-07-17 16:46:08'),
(423, 'Slamet Rahimah', 'qprayoga@yahoo.com', 'password123', '2025-07-17 16:46:08'),
(424, 'Tugiman Sirait, S.Kom', 'jayalazuardi@perum.net.id', 'password123', '2025-07-17 16:46:08'),
(425, 'Rahmi Ardianto, S.Pt', 'nnasyiah@cv.co.id', 'password123', '2025-07-17 16:46:08'),
(426, 'Ir. Amelia Riyanti', 'gilang30@cv.mil', 'password123', '2025-07-17 16:46:08'),
(427, 'Muni Ardianto', 'gilangwahyudin@ud.desa.id', 'password123', '2025-07-17 16:46:08'),
(428, 'Julia Tamba', 'kamaria72@ud.sch.id', 'password123', '2025-07-17 16:46:08'),
(429, 'Saka Firmansyah', 'cengkir11@pt.sch.id', 'password123', '2025-07-17 16:46:08'),
(430, 'Indah Novitasari', 'sarahagustina@yahoo.com', 'password123', '2025-07-17 16:46:08'),
(431, 'Hardana Tampubolon', 'manullangintan@gmail.com', 'password123', '2025-07-17 16:46:08'),
(432, 'Embuh Rajasa', 'firmansyahdanang@perum.desa.id', 'password123', '2025-07-17 16:46:08'),
(433, 'Mahmud Prabowo', 'qnuraini@hotmail.com', 'password123', '2025-07-17 16:46:08'),
(434, 'Kamila Jailani', 'suryatmikadir@pd.go.id', 'password123', '2025-07-17 16:46:08'),
(435, 'Titin Yuliarti', 'emulyani@yahoo.com', 'password123', '2025-07-17 16:46:08'),
(436, 'Suci Uwais', 'tmaryati@hotmail.com', 'password123', '2025-07-17 16:46:08'),
(437, 'Ir. Hesti Prastuti, M.Ak', 'najmudinvera@gmail.com', 'password123', '2025-07-17 16:46:08'),
(438, 'Hartaka Setiawan, M.TI.', 'msiregar@pt.mil', 'password123', '2025-07-17 16:46:08'),
(439, 'Dian Hartati', 'galangaryani@ud.biz.id', 'password123', '2025-07-17 16:46:08'),
(440, 'Tgk. Cinta Dabukke, S.Sos', 'yogauwais@pt.net', 'password123', '2025-07-17 16:46:08'),
(441, 'Rina Prasetyo, S.Pt', 'galur00@gmail.com', 'password123', '2025-07-17 16:46:08'),
(442, 'Drs. Jais Padmasari', 'warsitarahimah@gmail.com', 'password123', '2025-07-17 16:46:08'),
(443, 'R.M. Jarwi Yolanda, M.Farm', 'kuswandaricaturangga@perum.ac.id', 'password123', '2025-07-17 16:46:08'),
(444, 'Vicky Nugroho', 'omaulana@perum.net.id', 'password123', '2025-07-17 16:46:08'),
(445, 'Nilam Hakim, S.E.', 'tsiregar@hotmail.com', 'password123', '2025-07-17 16:46:08'),
(446, 'Ir. Kajen Usamah', 'santosodaliman@pd.go.id', 'password123', '2025-07-17 16:46:08'),
(447, 'Dr. Fathonah Hassanah', 'rahmawaticinthia@yahoo.com', 'password123', '2025-07-17 16:46:08'),
(448, 'Eman Sirait', 'mahfud55@pt.org', 'password123', '2025-07-17 16:46:08'),
(449, 'Ir. Bakiono Zulkarnain', 'nilamanggraini@pt.my.id', 'password123', '2025-07-17 16:46:08'),
(450, 'Iriana Siregar', 'cawuk03@gmail.com', 'password123', '2025-07-17 16:46:08'),
(451, 'Ir. Wahyu Hutasoit, M.Kom.', 'cager09@gmail.com', 'password123', '2025-07-17 16:46:08'),
(452, 'Kala Rahmawati', 'zulaikaamong@pt.or.id', 'password123', '2025-07-17 16:46:08'),
(453, 'Dina Thamrin, S.Gz', 'daryani49@hotmail.com', 'password123', '2025-07-17 16:46:08'),
(454, 'Puti Dewi Wahyudin', 'yprastuti@pd.int', 'password123', '2025-07-17 16:46:08'),
(455, 'Adika Wasita', 'uwaisgading@yahoo.com', 'password123', '2025-07-17 16:46:08'),
(456, 'Bala Rahimah', 'gastifarida@yahoo.com', 'password123', '2025-07-17 16:46:08'),
(457, 'Drs. Lalita Tampubolon', 'olestari@cv.web.id', 'password123', '2025-07-17 16:46:08'),
(458, 'drg. Genta Zulaika', 'cwastuti@cv.or.id', 'password123', '2025-07-17 16:46:08'),
(459, 'Viman Wibowo', 'azulaika@pt.biz.id', 'password123', '2025-07-17 16:46:08'),
(460, 'Mala Suryatmi', 'surya93@pd.com', 'password123', '2025-07-17 16:46:08'),
(461, 'Warsa Permata', 'hutasoitjelita@pd.org', 'password123', '2025-07-17 16:46:08'),
(462, 'R.M. Balijan Zulaika, S.Kom', 'gildanajmudin@hotmail.com', 'password123', '2025-07-17 16:46:08'),
(463, 'R. Darmana Kurniawan', 'tsuwarno@hotmail.com', 'password123', '2025-07-17 16:46:08'),
(464, 'Lembah Sihotang, S.Sos', 'qnapitupulu@yahoo.com', 'password123', '2025-07-17 16:46:08'),
(465, 'Nalar Pertiwi, S.IP', 'jailsuryono@yahoo.com', 'password123', '2025-07-17 16:46:08'),
(466, 'Lalita Kuswandari', 'wakiman61@cv.web.id', 'password123', '2025-07-17 16:46:08'),
(467, 'Maida Yulianti', 'kala85@hotmail.com', 'password123', '2025-07-17 16:46:08'),
(468, 'Chelsea Agustina, M.Pd', 'nugrohocaket@pd.ponpes.id', 'password123', '2025-07-17 16:46:08'),
(469, 'Dr. Teguh Oktaviani', 'kutami@cv.edu', 'password123', '2025-07-17 16:46:08'),
(470, 'Mutia Puspasari', 'hmandala@gmail.com', 'password123', '2025-07-17 16:46:08'),
(471, 'Drs. Dariati Nainggolan, M.TI.', 'wwinarno@ud.sch.id', 'password123', '2025-07-17 16:46:08'),
(472, 'Fathonah Winarno', 'kenzie33@pt.com', 'password123', '2025-07-17 16:46:08'),
(473, 'Jaka Wulandari, M.Farm', 'msiregar@perum.gov', 'password123', '2025-07-17 16:46:08'),
(474, 'Lanjar Pratama, S.Kom', 'kuswandariellis@perum.desa.id', 'password123', '2025-07-17 16:46:08'),
(475, 'Jumari Haryanto, M.Farm', 'csirait@pt.or.id', 'password123', '2025-07-17 16:46:08'),
(476, 'Hj. Aurora Mandasari', 'susantijaeman@ud.my.id', 'password123', '2025-07-17 16:46:08'),
(477, 'drg. Galih Damanik', 'balidinpurnawati@ud.mil.id', 'password123', '2025-07-17 16:46:08'),
(478, 'Vivi Lestari', 'siregartira@ud.go.id', 'password123', '2025-07-17 16:46:08'),
(479, 'Among Tamba', 'jelitadamanik@gmail.com', 'password123', '2025-07-17 16:46:08'),
(480, 'Eka Simanjuntak, S.Ked', 'wibisonodarmanto@pd.ac.id', 'password123', '2025-07-17 16:46:08'),
(481, 'Karya Zulkarnain', 'arsipatraanggraini@pt.edu', 'password123', '2025-07-17 16:46:08'),
(482, 'Najwa Usada', 'bajraginwinarno@pt.biz.id', 'password123', '2025-07-17 16:46:08'),
(483, 'Cawisono Pratiwi', 'ivanlaksmiwati@pt.or.id', 'password123', '2025-07-17 16:46:08'),
(484, 'Nadine Hidayat', 'cawuksaragih@yahoo.com', 'password123', '2025-07-17 16:46:08'),
(485, 'Darmanto Maryadi', 'blaksmiwati@cv.my.id', 'password123', '2025-07-17 16:46:08'),
(486, 'R. Widya Prastuti, S.Kom', 'habibicarla@pd.web.id', 'password123', '2025-07-17 16:46:08'),
(487, 'drg. Anita Winarno', 'fathonah14@perum.biz.id', 'password123', '2025-07-17 16:46:08'),
(488, 'Restu Wastuti', 'zprasetyo@hotmail.com', 'password123', '2025-07-17 16:46:08'),
(489, 'Zulfa Santoso', 'hariyahwirda@perum.com', 'password123', '2025-07-17 16:46:08'),
(490, 'R.M. Bagiya Prabowo', 'rhariyah@ud.or.id', 'password123', '2025-07-17 16:46:08'),
(491, 'Safina Januar, S.T.', 'damu28@cv.gov', 'password123', '2025-07-17 16:46:08'),
(492, 'Bakiadi Zulkarnain', 'gasti33@perum.my.id', 'password123', '2025-07-17 16:46:08'),
(493, 'Cut Siti Puspita', 'febihandayani@cv.mil', 'password123', '2025-07-17 16:46:08'),
(494, 'Hasna Mustofa', 'kadir53@yahoo.com', 'password123', '2025-07-17 16:46:08'),
(495, 'Akarsana Rahimah, S.Farm', 'jindra21@yahoo.com', 'password123', '2025-07-17 16:46:08'),
(496, 'Langgeng Iswahyudi', 'susantiraina@gmail.com', 'password123', '2025-07-17 16:46:08'),
(497, 'Dr. Adikara Wahyudin', 'aswani29@yahoo.com', 'password123', '2025-07-17 16:46:08'),
(498, 'Restu Padmasari, S.Kom', 'caturanggawidiastuti@hotmail.com', 'password123', '2025-07-17 16:46:08'),
(499, 'dr. Vera Padmasari', 'zelaya33@gmail.com', 'password123', '2025-07-17 16:46:08'),
(500, 'Ir. Maya Wibowo', 'oadriansyah@hotmail.com', 'password123', '2025-07-17 16:46:08'),
(501, 'Devi Uwais', 'napitupulunasab@ud.co.id', 'password123', '2025-07-17 16:46:08'),
(502, 'Cut Malika Purnawati', 'rahayujaya@gmail.com', 'password123', '2025-07-17 16:46:08'),
(503, 'Eka Simanjuntak', 'maheswaraelvina@pd.ac.id', 'password123', '2025-07-17 16:46:08'),
(504, 'Mustika Suartini', 'titiyulianti@pd.net.id', 'password123', '2025-07-17 16:46:08'),
(505, 'Violet Pradana, S.T.', 'wrajasa@yahoo.com', 'password123', '2025-07-17 16:46:08'),
(506, 'Rina Prasetyo, S.Gz', 'karja41@gmail.com', 'password123', '2025-07-17 16:46:08'),
(507, 'Makara Napitupulu, S.Pd', 'mulyono63@yahoo.com', 'password123', '2025-07-17 16:46:08'),
(508, 'Karma Rahmawati', 'ganggriawan@hotmail.com', 'password123', '2025-07-17 16:46:08'),
(509, 'Rangga Thamrin', 'hestisudiati@pd.co.id', 'password123', '2025-07-17 16:46:08'),
(510, 'Akarsana Marpaung', 'jsantoso@cv.net', 'password123', '2025-07-17 16:46:08'),
(511, 'Baktiono Wahyuni', 'purwanto85@pd.net', 'password123', '2025-07-17 16:46:08'),
(512, 'Cut Janet Yuliarti', 'wnajmudin@pd.or.id', 'password123', '2025-07-17 16:46:08'),
(513, 'Vivi Hutasoit, S.E.', 'usamahgalih@cv.or.id', 'password123', '2025-07-17 16:46:08'),
(514, 'Tedi Wulandari', 'siti43@pt.org', 'password123', '2025-07-17 16:46:08'),
(515, 'Reza Situmorang, S.Ked', 'yuliartishania@cv.web.id', 'password123', '2025-07-17 16:46:08'),
(516, 'Drs. Indah Maryati', 'hakimjaya@pd.id', 'password123', '2025-07-17 16:46:08'),
(517, 'Tami Dongoran', 'opermadi@ud.ac.id', 'password123', '2025-07-17 16:46:08'),
(518, 'Kariman Usada', 'megantarasalwa@cv.net.id', 'password123', '2025-07-17 16:46:08'),
(519, 'Xanana Jailani', 'ranggalazuardi@cv.ponpes.id', 'password123', '2025-07-17 16:46:08'),
(520, 'Laila Sirait, M.Kom.', 'bakda04@ud.or.id', 'password123', '2025-07-17 16:46:08'),
(521, 'Vanesa Hakim', 'elonsuartini@pt.sch.id', 'password123', '2025-07-17 16:46:08'),
(522, 'Pangestu Thamrin', 'sutami@gmail.com', 'password123', '2025-07-17 16:46:08'),
(523, 'R.A. Elma Dongoran, S.IP', 'jsalahudin@ud.sch.id', 'password123', '2025-07-17 16:46:08'),
(524, 'Harsaya Novitasari', 'ciaobella18@perum.mil.id', 'password123', '2025-07-17 16:46:08'),
(525, 'Rafid Prayoga', 'damanikkarsa@ud.mil.id', 'password123', '2025-07-17 16:46:08'),
(526, 'Winda Yuniar', 'padmiwahyudin@perum.gov', 'password123', '2025-07-17 16:46:08'),
(527, 'Ida Permadi, S.T.', 'shidayanto@cv.net', 'password123', '2025-07-17 16:46:08'),
(528, 'Tami Anggriawan, M.Ak', 'artanto87@pd.id', 'password123', '2025-07-17 16:46:08'),
(529, 'Artawan Pratiwi, S.Pt', 'pranowoyessi@cv.ponpes.id', 'password123', '2025-07-17 16:46:08'),
(530, 'Maimunah Kuswoyo', 'warsita96@yahoo.com', 'password123', '2025-07-17 16:46:08'),
(531, 'KH. Rudi Purwanti', 'nasyiahrina@yahoo.com', 'password123', '2025-07-17 16:46:08'),
(532, 'Salimah Andriani', 'megantaraedison@pd.net.id', 'password123', '2025-07-17 16:46:08'),
(533, 'dr. Emas Hutasoit, S.Pd', 'kembabudiman@ud.net.id', 'password123', '2025-07-17 16:46:08'),
(534, 'Abyasa Prayoga', 'adiarja96@gmail.com', 'password123', '2025-07-17 16:46:08'),
(535, 'Shania Yulianti', 'pfarida@perum.edu', 'password123', '2025-07-17 16:46:08'),
(536, 'dr. Prabawa Mahendra', 'stampubolon@pd.int', 'password123', '2025-07-17 16:46:08'),
(537, 'Prayitna Padmasari', 'santosobagiya@yahoo.com', 'password123', '2025-07-17 16:46:08'),
(538, 'Pangeran Zulaika, S.Kom', 'permatadarsirah@yahoo.com', 'password123', '2025-07-17 16:46:08'),
(539, 'Ade Wasita', 'wulandariuchita@yahoo.com', 'password123', '2025-07-17 16:46:08'),
(540, 'Lintang Nainggolan', 'karnaprabowo@hotmail.com', 'password123', '2025-07-17 16:46:08'),
(541, 'Nyana Padmasari', 'rnapitupulu@hotmail.com', 'password123', '2025-07-17 16:46:08'),
(542, 'Cinta Riyanti', 'ibrahimpalastri@pt.edu', 'password123', '2025-07-17 16:46:08'),
(543, 'Drs. Cornelia Hutagalung, S.Pt', 'pmarpaung@pd.ponpes.id', 'password123', '2025-07-17 16:46:08'),
(544, 'Purwadi Susanti', 'csaptono@pt.edu', 'password123', '2025-07-17 16:46:08'),
(545, 'Oni Padmasari', 'xsitumorang@hotmail.com', 'password123', '2025-07-17 16:46:08'),
(546, 'Irwan Kuswoyo', 'nhassanah@hotmail.com', 'password123', '2025-07-17 16:46:08'),
(547, 'Cornelia Waluyo', 'utamaprayoga@hotmail.com', 'password123', '2025-07-17 16:46:08'),
(548, 'Yunita Tarihoran, M.Farm', 'caraka24@yahoo.com', 'password123', '2025-07-17 16:46:08'),
(549, 'Fitriani Jailani', 'kprasetya@yahoo.com', 'password123', '2025-07-17 16:46:08'),
(550, 'Restu Habibi', 'sudiatigaliono@gmail.com', 'password123', '2025-07-17 16:46:08'),
(551, 'Gina Nurdiyanti', 'utamakarman@pt.gov', 'password123', '2025-07-17 16:46:08'),
(552, 'Wahyu Sitorus', 'luwar06@ud.net.id', 'password123', '2025-07-17 16:46:08'),
(553, 'Wadi Saputra', 'handayanicahyo@cv.or.id', 'password123', '2025-07-17 16:46:08'),
(554, 'Mustofa Pudjiastuti', 'namagaopan@gmail.com', 'password123', '2025-07-17 16:46:08'),
(555, 'R. Kanda Puspita', 'npermata@cv.gov', 'password123', '2025-07-17 16:46:08'),
(556, 'dr. Hamima Yuniar, S.Gz', 'fpranowo@gmail.com', 'password123', '2025-07-17 16:46:08'),
(557, 'Puspa Rahmawati, M.M.', 'puput43@gmail.com', 'password123', '2025-07-17 16:46:08'),
(558, 'Hilda Hardiansyah', 'lamarutama@perum.sch.id', 'password123', '2025-07-17 16:46:08'),
(559, 'Kalim Maulana', 'balangga88@yahoo.com', 'password123', '2025-07-17 16:46:08'),
(560, 'Puti Putra', 'kfirgantoro@ud.net', 'password123', '2025-07-17 16:46:08'),
(561, 'Irfan Yolanda', 'prima93@yahoo.com', 'password123', '2025-07-17 16:46:08'),
(562, 'Kalim Hardiansyah', 'anomusamah@gmail.com', 'password123', '2025-07-17 16:46:08');
INSERT INTO `users` (`id`, `name`, `email`, `password`, `created_at`) VALUES
(563, 'Sutan Prasetya Budiyanto', 'kasiran09@yahoo.com', 'password123', '2025-07-17 16:46:08'),
(564, 'Rahayu Siregar', 'lestariilyas@pd.ac.id', 'password123', '2025-07-17 16:46:08'),
(565, 'dr. Tedi Kuswandari, M.Farm', 'kpertiwi@gmail.com', 'password123', '2025-07-17 16:46:08'),
(566, 'Bakidin Rahmawati', 'enteng94@pt.biz.id', 'password123', '2025-07-17 16:46:08'),
(567, 'Gatot Widodo, S.E.I', 'hafshahwinarsih@pd.desa.id', 'password123', '2025-07-17 16:46:08'),
(568, 'Capa Yuliarti', 'elvina63@pt.sch.id', 'password123', '2025-07-17 16:46:08'),
(569, 'Puji Rahimah', 'vsetiawan@hotmail.com', 'password123', '2025-07-17 16:46:08'),
(570, 'Yulia Safitri, M.Farm', 'vanyapalastri@hotmail.com', 'password123', '2025-07-17 16:46:08'),
(571, 'Devi Pudjiastuti', 'rosman30@hotmail.com', 'password123', '2025-07-17 16:46:08'),
(572, 'Safina Jailani', 'cmahendra@yahoo.com', 'password123', '2025-07-17 16:46:08'),
(573, 'Dt. Gamani Padmasari, S.Kom', 'mnasyiah@gmail.com', 'password123', '2025-07-17 16:46:08'),
(574, 'R.A. Lidya Permata, S.Kom', 'flaksita@hotmail.com', 'password123', '2025-07-17 16:46:08'),
(575, 'R.A. Titin Ardianto, S.Farm', 'milamelani@gmail.com', 'password123', '2025-07-17 16:46:08'),
(576, 'Dr. Asman Situmorang, S.Ked', 'xnuraini@ud.com', 'password123', '2025-07-17 16:46:08'),
(577, 'Emin Utama', 'omaulana@yahoo.com', 'password123', '2025-07-17 16:46:08'),
(578, 'Cut Tami Najmudin, S.Kom', 'ilyas80@pt.my.id', 'password123', '2025-07-17 16:46:08'),
(579, 'Indah Yolanda', 'bellalaksita@hotmail.com', 'password123', '2025-07-17 16:46:08'),
(580, 'Eja Lestari', 'candrakantapermadi@yahoo.com', 'password123', '2025-07-17 16:46:08'),
(581, 'Ivan Utama', 'haryantolurhur@perum.biz.id', 'password123', '2025-07-17 16:46:08'),
(582, 'Argono Saragih, S.Gz', 'ykuswoyo@cv.ponpes.id', 'password123', '2025-07-17 16:46:08'),
(583, 'Lamar Hastuti, S.E.I', 'rudi60@perum.id', 'password123', '2025-07-17 16:46:08'),
(584, 'Uchita Rajata, S.Ked', 'wibisonoeluh@hotmail.com', 'password123', '2025-07-17 16:46:08'),
(585, 'Winda Marpaung', 'imandala@cv.my.id', 'password123', '2025-07-17 16:46:08'),
(586, 'Luis Wasita', 'corneliasitorus@perum.org', 'password123', '2025-07-17 16:46:08'),
(587, 'R.A. Paris Uyainah', 'athamrin@pd.ponpes.id', 'password123', '2025-07-17 16:46:08'),
(588, 'Dr. Agnes Kurniawan, M.Pd', 'galur49@hotmail.com', 'password123', '2025-07-17 16:46:08'),
(589, 'Rahman Rajata', 'otarihoran@pd.my.id', 'password123', '2025-07-17 16:46:08'),
(590, 'Dr. Samiah Palastri, M.Kom.', 'tlaksita@yahoo.com', 'password123', '2025-07-17 16:46:08'),
(591, 'Rudi Rahimah', 'nagustina@pt.mil.id', 'password123', '2025-07-17 16:46:08'),
(592, 'Malik Susanti', 'zelda93@hotmail.com', 'password123', '2025-07-17 16:46:08'),
(593, 'Tiara Sihotang', 'lailasarimaman@hotmail.com', 'password123', '2025-07-17 16:46:08'),
(594, 'Puti Belinda Mahendra', 'dindawastuti@yahoo.com', 'password123', '2025-07-17 16:46:08'),
(595, 'Wardaya Waskita, S.T.', 'rangga30@gmail.com', 'password123', '2025-07-17 16:46:08'),
(596, 'Respati Winarsih, M.Pd', 'pangestuwibisono@yahoo.com', 'password123', '2025-07-17 16:46:08'),
(597, 'Respati Wulandari', 'timbuluyainah@yahoo.com', 'password123', '2025-07-17 16:46:08'),
(598, 'Manah Dabukke, M.Pd', 'karya00@pt.net.id', 'password123', '2025-07-17 16:46:08'),
(599, 'drg. Aisyah Firgantoro, S.Ked', 'digdayapermadi@yahoo.com', 'password123', '2025-07-17 16:46:08'),
(600, 'Daliman Sihotang, S.Sos', 'gdongoran@hotmail.com', 'password123', '2025-07-17 16:46:08'),
(601, 'Victoria Ramadan, S.Ked', 'hutagalungarta@ud.mil.id', 'password123', '2025-07-17 16:46:08'),
(602, 'Ismail Suryono', 'lantarhasanah@gmail.com', 'password123', '2025-07-17 16:46:08'),
(603, 'Hj. Laila Saefullah', 'lutfan65@pd.mil.id', 'password123', '2025-07-17 16:46:08'),
(604, 'Vivi Mandasari', 'yogasusanti@yahoo.com', 'password123', '2025-07-17 16:46:08'),
(605, 'Fitriani Siregar', 'zkusmawati@perum.int', 'password123', '2025-07-17 16:46:08'),
(606, 'Cut Faizah Uwais', 'pranowojane@yahoo.com', 'password123', '2025-07-17 16:46:08'),
(607, 'Gatot Wibisono, S.E.I', 'uwinarno@hotmail.com', 'password123', '2025-07-17 16:46:08'),
(608, 'dr. Wani Lestari', 'hharyanti@hotmail.com', 'password123', '2025-07-17 16:46:08'),
(609, 'Gangsa Nainggolan', 'suryatmicengkal@cv.sch.id', 'password123', '2025-07-17 16:46:08'),
(610, 'Kemal Rahimah, M.M.', 'haryantidrajat@ud.net', 'password123', '2025-07-17 16:46:08'),
(611, 'Ir. Belinda Saputra, S.Sos', 'setiawanulya@perum.org', 'password123', '2025-07-17 16:46:08'),
(612, 'Shania Sinaga', 'pandu95@gmail.com', 'password123', '2025-07-17 16:46:08'),
(613, 'Halima Napitupulu', 'elvinamegantara@ud.org', 'password123', '2025-07-17 16:46:08'),
(614, 'Sarah Mayasari', 'saptonoeka@hotmail.com', 'password123', '2025-07-17 16:46:08'),
(615, 'Cinta Hariyah', 'nasim71@yahoo.com', 'password123', '2025-07-17 16:46:08'),
(616, 'Dt. Opan Maheswara, S.Kom', 'gastifirgantoro@ud.sch.id', 'password123', '2025-07-17 16:46:08'),
(617, 'Adika Farida', 'firmansyahelvin@hotmail.com', 'password123', '2025-07-17 16:46:08'),
(618, 'T. Darijan Padmasari', 'pratiwiharsaya@hotmail.com', 'password123', '2025-07-17 16:46:08'),
(619, 'Yulia Nashiruddin', 'cakrabuanamaryati@pt.com', 'password123', '2025-07-17 16:46:08'),
(620, 'Ana Rajata, S.Kom', 'gilangpurnawati@pt.gov', 'password123', '2025-07-17 16:46:08'),
(621, 'Hani Mandasari', 'ssimbolon@hotmail.com', 'password123', '2025-07-17 16:46:08'),
(622, 'Ina Haryanti', 'jhastuti@hotmail.com', 'password123', '2025-07-17 16:46:08'),
(623, 'Ella Oktaviani', 'osetiawan@perum.ac.id', 'password123', '2025-07-17 16:46:08'),
(624, 'Candra Iswahyudi, S.H.', 'limanpudjiastuti@yahoo.com', 'password123', '2025-07-17 16:46:08'),
(625, 'drg. Sabrina Rajasa', 'yandriani@yahoo.com', 'password123', '2025-07-17 16:46:08'),
(626, 'Drs. Balamantri Pradana, M.M.', 'hendri98@pt.org', 'password123', '2025-07-17 16:46:08'),
(627, 'Bahuwarna Pradipta', 'aris99@yahoo.com', 'password123', '2025-07-17 16:46:08'),
(628, 'Vivi Oktaviani', 'satya43@ud.co.id', 'password123', '2025-07-17 16:46:08'),
(629, 'Darsirah Ramadan', 'lembahpermadi@ud.id', 'password123', '2025-07-17 16:46:08'),
(630, 'Ulva Suwarno', 'yahyasiregar@yahoo.com', 'password123', '2025-07-17 16:46:08'),
(631, 'Tgk. Luis Palastri', 'wibowobetania@yahoo.com', 'password123', '2025-07-17 16:46:08'),
(632, 'Bakidin Rajasa, M.Kom.', 'tari13@pt.id', 'password123', '2025-07-17 16:46:08'),
(633, 'Wasis Habibi, S.Kom', 'sidiqrajata@hotmail.com', 'password123', '2025-07-17 16:46:08'),
(634, 'Alika Kuswandari', 'tasdik35@gmail.com', 'password123', '2025-07-17 16:46:08'),
(635, 'Hamima Pradana', 'puspasarinajib@yahoo.com', 'password123', '2025-07-17 16:46:08'),
(636, 'Ghaliyati Padmasari', 'gambiranashiruddin@gmail.com', 'password123', '2025-07-17 16:46:08'),
(637, 'Perkasa Handayani', 'virmanmarbun@yahoo.com', 'password123', '2025-07-17 16:46:08'),
(638, 'Tantri Gunawan', 'nrimasitorus@pd.mil', 'password123', '2025-07-17 16:46:08'),
(639, 'Luluh Dabukke, M.Pd', 'kamila79@perum.sch.id', 'password123', '2025-07-17 16:46:08'),
(640, 'R.M. Daru Sitorus', 'prayogohakim@pd.go.id', 'password123', '2025-07-17 16:46:08'),
(641, 'Ajiono Tarihoran', 'cpadmasari@gmail.com', 'password123', '2025-07-17 16:46:08'),
(642, 'Labuh Lailasari', 'pprakasa@yahoo.com', 'password123', '2025-07-17 16:46:08'),
(643, 'Ratna Wibisono', 'shariyah@gmail.com', 'password123', '2025-07-17 16:46:08'),
(644, 'KH. Kala Salahudin, S.E.', 'rdamanik@gmail.com', 'password123', '2025-07-17 16:46:08'),
(645, 'drg. Siska Hassanah', 'tariandriani@gmail.com', 'password123', '2025-07-17 16:46:08'),
(646, 'drg. Kani Saptono', 'atma34@hotmail.com', 'password123', '2025-07-17 16:46:08'),
(647, 'Jaga Januar, M.M.', 'rardianto@cv.org', 'password123', '2025-07-17 16:46:08'),
(648, 'Drs. Sakura Marbun, S.Psi', 'jarwidongoran@perum.ponpes.id', 'password123', '2025-07-17 16:46:08'),
(649, 'Drs. Cici Novitasari, S.H.', 'anita37@hotmail.com', 'password123', '2025-07-17 16:46:08'),
(650, 'Dr. Galang Purnawati', 'nadianatsir@hotmail.com', 'password123', '2025-07-17 16:46:08'),
(651, 'Hj. Jane Situmorang, M.Ak', 'cemani94@cv.my.id', 'password123', '2025-07-17 16:46:08'),
(652, 'Tgk. Ami Nashiruddin', 'virmanpertiwi@ud.ponpes.id', 'password123', '2025-07-17 16:46:08'),
(653, 'Clara Maryati', 'uprasetya@gmail.com', 'password123', '2025-07-17 16:46:08'),
(654, 'Nabila Anggriawan', 'akusmawati@ud.mil', 'password123', '2025-07-17 16:46:08'),
(655, 'Puti Uli Nugroho, S.Ked', 'pangestugunawan@cv.int', 'password123', '2025-07-17 16:46:08'),
(656, 'Ade Hidayat', 'vinsen00@pd.gov', 'password123', '2025-07-17 16:46:08'),
(657, 'Bakiman Mangunsong', 'prasastamarsito@pt.int', 'password123', '2025-07-17 16:46:08'),
(658, 'Drs. Kunthara Saptono', 'dnatsir@cv.or.id', 'password123', '2025-07-17 16:46:08'),
(659, 'Dr. Ina Mangunsong, S.Pd', 'winarnorestu@yahoo.com', 'password123', '2025-07-17 16:46:08'),
(660, 'Betania Marbun', 'indra00@pd.desa.id', 'password123', '2025-07-17 16:46:08'),
(661, 'KH. Ajimat Yuliarti', 'olazuardi@gmail.com', 'password123', '2025-07-17 16:46:08'),
(662, 'Sarah Kuswandari', 'aris89@gmail.com', 'password123', '2025-07-17 16:46:08'),
(663, 'Dr. Elma Farida', 'situmorangsamiah@hotmail.com', 'password123', '2025-07-17 16:46:08'),
(664, 'Cagak Natsir', 'cahyadi08@ud.biz.id', 'password123', '2025-07-17 16:46:08'),
(665, 'T. Oman Hariyah, M.M.', 'tirtayasamangunsong@gmail.com', 'password123', '2025-07-17 16:46:08'),
(666, 'Suci Sinaga', 'firmansyahbagya@cv.my.id', 'password123', '2025-07-17 16:46:08'),
(667, 'Endah Wijayanti', 'jelitautami@cv.id', 'password123', '2025-07-17 16:46:08'),
(668, 'Ellis Lazuardi', 'cindysaefullah@yahoo.com', 'password123', '2025-07-17 16:46:08'),
(669, 'dr. Jamalia Astuti, S.H.', 'zulaikhajanuar@ud.mil.id', 'password123', '2025-07-17 16:46:08'),
(670, 'Jelita Prasetyo, S.H.', 'caraka50@ud.mil.id', 'password123', '2025-07-17 16:46:08'),
(671, 'Ozy Mandala', 'ajimatmaheswara@yahoo.com', 'password123', '2025-07-17 16:46:08'),
(672, 'Puti Keisha Narpati, S.Pd', 'lfarida@pd.my.id', 'password123', '2025-07-17 16:46:08'),
(673, 'Marsito Prasetyo', 'tirta80@pd.net.id', 'password123', '2025-07-17 16:46:08'),
(674, 'Puti Zizi Farida, S.I.Kom', 'pangestuaslijan@hotmail.com', 'password123', '2025-07-17 16:46:08'),
(675, 'Anom Pranowo, M.Pd', 'hprasetya@yahoo.com', 'password123', '2025-07-17 16:46:08'),
(676, 'Luthfi Nashiruddin', 'qprasasta@hotmail.com', 'password123', '2025-07-17 16:46:08'),
(677, 'H. Irwan Wastuti', 'isimanjuntak@cv.edu', 'password123', '2025-07-17 16:46:08'),
(678, 'Raharja Ardianto, M.Kom.', 'otamba@gmail.com', 'password123', '2025-07-17 16:46:08'),
(679, 'Nasrullah Irawan', 'kacungtamba@yahoo.com', 'password123', '2025-07-17 16:46:08'),
(680, 'Hartaka Utami', 'maraskurniawan@yahoo.com', 'password123', '2025-07-17 16:46:08'),
(681, 'Winda Sinaga, S.Kom', 'anurdiyanti@ud.net.id', 'password123', '2025-07-17 16:46:08'),
(682, 'Agnes Fujiati', 'wdongoran@perum.or.id', 'password123', '2025-07-17 16:46:08'),
(683, 'Aurora Wahyudin', 'mayasarilukita@pt.co.id', 'password123', '2025-07-17 16:46:08'),
(684, 'Wulan Laksita', 'budi69@gmail.com', 'password123', '2025-07-17 16:46:08'),
(685, 'Enteng Mansur, S.IP', 'oktoramadan@pd.my.id', 'password123', '2025-07-17 16:46:08'),
(686, 'Setya Saputra', 'tedizulkarnain@hotmail.com', 'password123', '2025-07-17 16:46:08'),
(687, 'R.A. Azalea Irawan, S.H.', 'sabriwidiastuti@gmail.com', 'password123', '2025-07-17 16:46:08'),
(688, 'Devi Safitri', 'cwulandari@hotmail.com', 'password123', '2025-07-17 16:46:08'),
(689, 'Dagel Rahmawati', 'legawa55@yahoo.com', 'password123', '2025-07-17 16:46:08'),
(690, 'Drs. Ratih Wahyudin', 'chandra88@cv.ponpes.id', 'password123', '2025-07-17 16:46:08'),
(691, 'Tiara Pranowo', 'suryatmiviolet@hotmail.com', 'password123', '2025-07-17 16:46:08'),
(692, 'Julia Simanjuntak, S.Pt', 'pujimustofa@pd.go.id', 'password123', '2025-07-17 16:46:08'),
(693, 'Ani Pratiwi', 'dongorankarya@ud.my.id', 'password123', '2025-07-17 16:46:08'),
(694, 'Sabri Saptono, S.Farm', 'jamalanggriawan@yahoo.com', 'password123', '2025-07-17 16:46:08'),
(695, 'Fitriani Melani', 'jindra15@yahoo.com', 'password123', '2025-07-17 16:46:08'),
(696, 'Luluh Iswahyudi, M.Kom.', 'rahmawatiokta@gmail.com', 'password123', '2025-07-17 16:46:08'),
(697, 'Azalea Handayani', 'fsusanti@hotmail.com', 'password123', '2025-07-17 16:46:08'),
(698, 'Sabrina Pratama', 'tampuboloncengkal@cv.desa.id', 'password123', '2025-07-17 16:46:08'),
(699, 'Putri Pudjiastuti', 'tmaryati@gmail.com', 'password123', '2025-07-17 16:46:08'),
(700, 'Mustika Narpati, S.Gz', 'eli78@yahoo.com', 'password123', '2025-07-17 16:46:08'),
(701, 'Paiman Lazuardi', 'titin10@yahoo.com', 'password123', '2025-07-17 16:46:08'),
(702, 'Tgk. Zalindra Situmorang', 'wasis12@ud.or.id', 'password123', '2025-07-17 16:46:08'),
(703, 'Ratih Nurdiyanti, S.IP', 'pangeranaryani@perum.my.id', 'password123', '2025-07-17 16:46:08'),
(704, 'Maimunah Purwanti', 'harimurtisuryono@yahoo.com', 'password123', '2025-07-17 16:46:08'),
(705, 'Garan Hutapea, S.Psi', 'hariyahdanu@gmail.com', 'password123', '2025-07-17 16:46:08'),
(706, 'Surya Zulaika', 'cakrabirawamandasari@cv.my.id', 'password123', '2025-07-17 16:46:08'),
(707, 'Tina Kusumo', 'karna22@gmail.com', 'password123', '2025-07-17 16:46:08'),
(708, 'Cakrawala Wijaya, M.Farm', 'estionofarida@hotmail.com', 'password123', '2025-07-17 16:46:08'),
(709, 'Carub Andriani', 'sudiatigara@hotmail.com', 'password123', '2025-07-17 16:46:08'),
(710, 'Dt. Oskar Gunarto, S.Pd', 'ihalim@pd.edu', 'password123', '2025-07-17 16:46:08'),
(711, 'dr. Jindra Laksmiwati', 'xmaulana@gmail.com', 'password123', '2025-07-17 16:46:08'),
(712, 'Ir. Lutfan Nababan', 'zulaikaradika@hotmail.com', 'password123', '2025-07-17 16:46:08'),
(713, 'Ajiman Nainggolan', 'pancasetiawan@pd.edu', 'password123', '2025-07-17 16:46:08'),
(714, 'Malik Prasasta', 'sitorusdaliono@pt.ac.id', 'password123', '2025-07-17 16:46:08'),
(715, 'Endra Situmorang', 'juliasuwarno@pt.com', 'password123', '2025-07-17 16:46:08'),
(716, 'Prima Mandala', 'liman05@ud.my.id', 'password123', '2025-07-17 16:46:08'),
(717, 'Shakila Namaga', 'haryantohartaka@yahoo.com', 'password123', '2025-07-17 16:46:08'),
(718, 'Puti Mutia Kuswandari, S.Pd', 'langgriawan@yahoo.com', 'password123', '2025-07-17 16:46:08'),
(719, 'Endah Yolanda', 'melaniamalia@gmail.com', 'password123', '2025-07-17 16:46:08'),
(720, 'Fathonah Wulandari, S.Psi', 'hprakasa@perum.or.id', 'password123', '2025-07-17 16:46:08'),
(721, 'Agnes Prabowo', 'adenasyiah@yahoo.com', 'password123', '2025-07-17 16:46:08'),
(722, 'Prasetya Hasanah', 'hendrilestari@gmail.com', 'password123', '2025-07-17 16:46:08'),
(723, 'T. Rizki Napitupulu', 'argono04@perum.desa.id', 'password123', '2025-07-17 16:46:08'),
(724, 'Bella Laksmiwati', 'gamandamanik@hotmail.com', 'password123', '2025-07-17 16:46:08'),
(725, 'Saiful Samosir', 'rusmansamosir@perum.mil.id', 'password123', '2025-07-17 16:46:08'),
(726, 'T. Laksana Sihotang, S.Sos', 'ihsan20@ud.ac.id', 'password123', '2025-07-17 16:46:08'),
(727, 'Mila Iswahyudi', 'brajasa@cv.int', 'password123', '2025-07-17 16:46:08'),
(728, 'H. Harto Permata, S.Pd', 'latuponochelsea@pd.net', 'password123', '2025-07-17 16:46:08'),
(729, 'Kezia Sudiati', 'unggulutama@cv.ponpes.id', 'password123', '2025-07-17 16:46:08'),
(730, 'R.A. Puspa Simanjuntak', 'saadat54@pt.go.id', 'password123', '2025-07-17 16:46:08'),
(731, 'Prima Permadi', 'gandi85@gmail.com', 'password123', '2025-07-17 16:46:08'),
(732, 'Hj. Febi Nasyiah, S.Pt', 'crajata@gmail.com', 'password123', '2025-07-17 16:46:08'),
(733, 'Galar Tarihoran', 'laswi63@ud.id', 'password123', '2025-07-17 16:46:08'),
(734, 'Nasim Putra', 'dimassantoso@pt.edu', 'password123', '2025-07-17 16:46:08'),
(735, 'R. Nova Mansur', 'daliman77@perum.biz.id', 'password123', '2025-07-17 16:46:08'),
(736, 'Vinsen Sitompul', 'intansuartini@hotmail.com', 'password123', '2025-07-17 16:46:08'),
(737, 'Sutan Damar Najmudin', 'uwaisvictoria@pt.my.id', 'password123', '2025-07-17 16:46:08'),
(738, 'Tari Rahimah', 'jailanimalika@hotmail.com', 'password123', '2025-07-17 16:46:08'),
(739, 'Ibrani Zulaika, S.T.', 'harja38@ud.go.id', 'password123', '2025-07-17 16:46:08'),
(740, 'Sutan Tugiman Widodo, S.Pt', 'harja82@yahoo.com', 'password123', '2025-07-17 16:46:08'),
(741, 'Kajen Kuswoyo', 'jaiman11@pd.sch.id', 'password123', '2025-07-17 16:46:08'),
(742, 'Cawuk Hidayat', 'bwidiastuti@yahoo.com', 'password123', '2025-07-17 16:46:08'),
(743, 'Purwanto Mulyani', 'baktiadi25@yahoo.com', 'password123', '2025-07-17 16:46:08'),
(744, 'Dr. Queen Farida, S.Psi', 'dongoranbakti@gmail.com', 'password123', '2025-07-17 16:46:08'),
(745, 'Yunita Dongoran', 'sinagajati@yahoo.com', 'password123', '2025-07-17 16:46:08'),
(746, 'R. Omar Setiawan, S.Pd', 'anggabayalatupono@cv.desa.id', 'password123', '2025-07-17 16:46:08'),
(747, 'Dr. Lala Rahayu', 'hamzah79@perum.ac.id', 'password123', '2025-07-17 16:46:08'),
(748, 'Setya Dabukke', 'qsuwarno@gmail.com', 'password123', '2025-07-17 16:46:08'),
(749, 'Karen Setiawan', 'corneliapermata@cv.web.id', 'password123', '2025-07-17 16:46:08'),
(750, 'Sutan Gaman Farida, S.E.', 'lamarsaefullah@yahoo.com', 'password123', '2025-07-17 16:46:08'),
(751, 'Sari Hastuti', 'balamantrikuswandari@pd.org', 'password123', '2025-07-17 16:46:08'),
(752, 'Fathonah Latupono', 'sihombingbancar@ud.gov', 'password123', '2025-07-17 16:46:08'),
(753, 'Jaya Prabowo', 'nsuryono@yahoo.com', 'password123', '2025-07-17 16:46:08'),
(754, 'Nadine Farida', 'klailasari@yahoo.com', 'password123', '2025-07-17 16:46:08'),
(755, 'Maimunah Januar, S.E.', 'candrakanta76@hotmail.com', 'password123', '2025-07-17 16:46:08'),
(756, 'Mahesa Kusmawati', 'mamananggriawan@ud.desa.id', 'password123', '2025-07-17 16:46:08'),
(757, 'Yuni Zulkarnain', 'adinata72@ud.web.id', 'password123', '2025-07-17 16:46:08'),
(758, 'R. Panji Prabowo, M.Farm', 'winarsihnasim@gmail.com', 'password123', '2025-07-17 16:46:08'),
(759, 'Tgk. Hesti Nababan', 'estiawanwaskita@gmail.com', 'password123', '2025-07-17 16:46:08'),
(760, 'drg. Samiah Palastri', 'saefullahcandrakanta@perum.or.id', 'password123', '2025-07-17 16:46:08'),
(761, 'Nasab Thamrin', 'wmegantara@ud.desa.id', 'password123', '2025-07-17 16:46:08'),
(762, 'Mahmud Prayoga', 'yulia91@gmail.com', 'password123', '2025-07-17 16:46:08'),
(763, 'Irsad Suryono', 'asirait@gmail.com', 'password123', '2025-07-17 16:46:08'),
(764, 'Malika Kusmawati', 'pradanatugiman@perum.my.id', 'password123', '2025-07-17 16:46:08'),
(765, 'Nadia Saragih', 'xwahyudin@yahoo.com', 'password123', '2025-07-17 16:46:08'),
(766, 'Radika Iswahyudi', 'emardhiyah@pd.com', 'password123', '2025-07-17 16:46:08'),
(767, 'KH. Kawaya Mayasari, S.Pd', 'gastiaryani@gmail.com', 'password123', '2025-07-17 16:46:08'),
(768, 'Elisa Ardianto', 'irnantoharyanto@gmail.com', 'password123', '2025-07-17 16:46:08'),
(769, 'Agnes Pangestu, S.Kom', 'mwinarno@hotmail.com', 'password123', '2025-07-17 16:46:08'),
(770, 'Putri Rahimah', 'danu60@cv.net', 'password123', '2025-07-17 16:46:08'),
(771, 'Asirwada Hardiansyah, M.Pd', 'muni44@yahoo.com', 'password123', '2025-07-17 16:46:08'),
(772, 'Wisnu Dabukke', 'asmunipudjiastuti@pt.com', 'password123', '2025-07-17 16:46:08'),
(773, 'Tgk. Maida Sitompul, S.Gz', 'putri92@yahoo.com', 'password123', '2025-07-17 16:46:08'),
(774, 'Cawisono Hidayanto', 'uli85@gmail.com', 'password123', '2025-07-17 16:46:08'),
(775, 'Ajimat Setiawan, S.E.I', 'narpatiwadi@perum.sch.id', 'password123', '2025-07-17 16:46:08'),
(776, 'Kamidin Tarihoran', 'okto11@pt.ponpes.id', 'password123', '2025-07-17 16:46:08'),
(777, 'Paris Anggriawan', 'nwijayanti@yahoo.com', 'password123', '2025-07-17 16:46:08'),
(778, 'Puput Gunarto', 'ypangestu@gmail.com', 'password123', '2025-07-17 16:46:08'),
(779, 'Empluk Prasetya', 'karman41@gmail.com', 'password123', '2025-07-17 16:46:08'),
(780, 'Yoga Tamba', 'tri79@pt.sch.id', 'password123', '2025-07-17 16:46:08'),
(781, 'KH. Embuh Wacana, S.Pd', 'yuliantihardana@gmail.com', 'password123', '2025-07-17 16:46:08'),
(782, 'R.A. Widya Wastuti, S.H.', 'mustofa76@ud.sch.id', 'password123', '2025-07-17 16:46:08'),
(783, 'Carla Mansur', 'marbunartanto@hotmail.com', 'password123', '2025-07-17 16:46:08'),
(784, 'Sabrina Nugroho', 'mariadi32@hotmail.com', 'password123', '2025-07-17 16:46:08'),
(785, 'Ihsan Hassanah', 'novitasariharsana@yahoo.com', 'password123', '2025-07-17 16:46:08'),
(786, 'Hilda Dongoran', 'capa50@ud.or.id', 'password123', '2025-07-17 16:46:08'),
(787, 'Dt. Hendri Wibowo', 'leoputra@yahoo.com', 'password123', '2025-07-17 16:46:08'),
(788, 'Fitriani Wahyuni', 'manullangwakiman@gmail.com', 'password123', '2025-07-17 16:46:08'),
(789, 'Karimah Jailani', 'usman01@yahoo.com', 'password123', '2025-07-17 16:46:08'),
(790, 'Nova Hidayanto', 'wulandarizaenab@ud.mil.id', 'password123', '2025-07-17 16:46:08'),
(791, 'Maryadi Widodo, M.Pd', 'balangga04@gmail.com', 'password123', '2025-07-17 16:46:08'),
(792, 'Surya Marbun', 'mustofayulia@cv.mil.id', 'password123', '2025-07-17 16:46:08'),
(793, 'Hj. Karen Haryanto', 'irwanprayoga@yahoo.com', 'password123', '2025-07-17 16:46:08'),
(794, 'Estiawan Wibowo', 'hilda75@yahoo.com', 'password123', '2025-07-17 16:46:08'),
(795, 'Patricia Yolanda, M.TI.', 'kzulkarnain@perum.int', 'password123', '2025-07-17 16:46:08'),
(796, 'R.A. Sakura Riyanti, S.IP', 'leo65@hotmail.com', 'password123', '2025-07-17 16:46:08'),
(797, 'Iriana Siregar', 'vnamaga@pd.my.id', 'password123', '2025-07-17 16:46:08'),
(798, 'Violet Hutapea', 'vivi10@hotmail.com', 'password123', '2025-07-17 16:46:08'),
(799, 'Ir. Oman Setiawan', 'nainggolanganda@ud.mil', 'password123', '2025-07-17 16:46:08'),
(800, 'Lala Usamah, S.Psi', 'nilam33@gmail.com', 'password123', '2025-07-17 16:46:08'),
(801, 'Ibrani Laksita, S.Farm', 'pmarpaung@pd.mil', 'password123', '2025-07-17 16:46:08'),
(802, 'Gasti Firmansyah', 'santosovino@perum.net.id', 'password123', '2025-07-17 16:46:08'),
(803, 'Caraka Hardiansyah', 'ibranihalim@gmail.com', 'password123', '2025-07-17 16:46:08'),
(804, 'Raihan Namaga, S.Pd', 'saragihemil@hotmail.com', 'password123', '2025-07-17 16:46:08'),
(805, 'Zelaya Suryono', 'suryatmipranata@gmail.com', 'password123', '2025-07-17 16:46:08'),
(806, 'Maryadi Pratiwi', 'tedimandala@perum.mil.id', 'password123', '2025-07-17 16:46:08'),
(807, 'Eka Narpati, M.Kom.', 'dirjahastuti@hotmail.com', 'password123', '2025-07-17 16:46:08'),
(808, 'Perkasa Purnawati, S.E.', 'saragihmila@yahoo.com', 'password123', '2025-07-17 16:46:08'),
(809, 'Janet Simanjuntak', 'cakrabirawa94@hotmail.com', 'password123', '2025-07-17 16:46:08'),
(810, 'Yusuf Halimah, S.Ked', 'belinda76@gmail.com', 'password123', '2025-07-17 16:46:08'),
(811, 'KH. Darmaji Gunarto, S.Sos', 'langgeng38@hotmail.com', 'password123', '2025-07-17 16:46:08'),
(812, 'Kanda Damanik', 'taniamardhiyah@hotmail.com', 'password123', '2025-07-17 16:46:08'),
(813, 'dr. Laila Irawan, S.IP', 'yulia39@ud.desa.id', 'password123', '2025-07-17 16:46:08'),
(814, 'Titin Mulyani', 'saka56@ud.mil', 'password123', '2025-07-17 16:46:08'),
(815, 'Pandu Hardiansyah', 'ian52@perum.mil.id', 'password123', '2025-07-17 16:46:08'),
(816, 'drg. Humaira Kuswandari', 'bakiman75@ud.sch.id', 'password123', '2025-07-17 16:46:08'),
(817, 'Timbul Suwarno, M.M.', 'zulaikajaka@hotmail.com', 'password123', '2025-07-17 16:46:08'),
(818, 'Danuja Tamba, S.I.Kom', 'nadia23@yahoo.com', 'password123', '2025-07-17 16:46:08'),
(819, 'Indah Pratama', 'lulut24@gmail.com', 'password123', '2025-07-17 16:46:08'),
(820, 'Dr. Melinda Puspita, M.Kom.', 'bmayasari@ud.com', 'password123', '2025-07-17 16:46:08'),
(821, 'Jane Agustina', 'kezia37@hotmail.com', 'password123', '2025-07-17 16:46:08'),
(822, 'Pandu Mahendra', 'lasmonorahmawati@hotmail.com', 'password123', '2025-07-17 16:46:08'),
(823, 'Farhunnisa Sihombing', 'opan44@perum.mil', 'password123', '2025-07-17 16:46:08'),
(824, 'Karja Prasasta, M.Kom.', 'tsihombing@yahoo.com', 'password123', '2025-07-17 16:46:08'),
(825, 'Tantri Santoso', 'waluyo01@cv.web.id', 'password123', '2025-07-17 16:46:08'),
(826, 'drg. Luis Iswahyudi, M.Farm', 'vivi63@cv.id', 'password123', '2025-07-17 16:46:08'),
(827, 'Widya Saptono', 'pradiptagaman@perum.mil.id', 'password123', '2025-07-17 16:46:08'),
(828, 'Gilang Hutasoit', 'melanikeisha@perum.edu', 'password123', '2025-07-17 16:46:08'),
(829, 'Joko Adriansyah, M.Kom.', 'pradiptakartika@yahoo.com', 'password123', '2025-07-17 16:46:08'),
(830, 'Ir. Wirda Wahyudin', 'mprasetyo@pt.com', 'password123', '2025-07-17 16:46:08'),
(831, 'Michelle Padmasari, S.Psi', 'gusada@pd.mil.id', 'password123', '2025-07-17 16:46:08'),
(832, 'Kemal Wulandari', 'pangestu73@hotmail.com', 'password123', '2025-07-17 16:46:08'),
(833, 'Mahesa Pangestu', 'xkusmawati@gmail.com', 'password123', '2025-07-17 16:46:08'),
(834, 'Kamidin Nababan', 'azalea57@pd.com', 'password123', '2025-07-17 16:46:08'),
(835, 'Drs. Ira Utama, S.Kom', 'ana29@gmail.com', 'password123', '2025-07-17 16:46:08'),
(836, 'Taufik Latupono', 'raihan56@pd.gov', 'password123', '2025-07-17 16:46:08'),
(837, 'KH. Karta Saptono', 'cengkir67@gmail.com', 'password123', '2025-07-17 16:46:08'),
(838, 'Kariman Puspasari, M.Kom.', 'galarnababan@hotmail.com', 'password123', '2025-07-17 16:46:08'),
(839, 'Yance Maryadi', 'zulaikacecep@hotmail.com', 'password123', '2025-07-17 16:46:08'),
(840, 'Makuta Permata', 'dwinarno@hotmail.com', 'password123', '2025-07-17 16:46:08'),
(841, 'Vanya Wasita', 'cahyosantoso@pd.net', 'password123', '2025-07-17 16:46:08'),
(842, 'Kamidin Yolanda, M.Ak', 'jjailani@ud.id', 'password123', '2025-07-17 16:46:08'),
(843, 'Makuta Napitupulu', 'nuwais@pt.int', 'password123', '2025-07-17 16:46:08'),
(844, 'Omar Hartati', 'esiregar@gmail.com', 'password123', '2025-07-17 16:46:08'),
(845, 'Yuni Mandasari', 'ikhsanprakasa@perum.mil', 'password123', '2025-07-17 16:46:08'),
(846, 'Bakijan Prasetyo', 'malikriyanti@perum.ac.id', 'password123', '2025-07-17 16:46:08'),
(847, 'drg. Kamila Wibowo, S.Pd', 'unggullazuardi@pt.org', 'password123', '2025-07-17 16:46:08'),
(848, 'Dr. Unjani Kurniawan', 'usmananggraini@pt.edu', 'password123', '2025-07-17 16:46:08'),
(849, 'Dr. Panca Firgantoro, S.Psi', 'elma71@pt.net', 'password123', '2025-07-17 16:46:08'),
(850, 'Hamzah Rahimah', 'yusamah@yahoo.com', 'password123', '2025-07-17 16:46:08'),
(851, 'Ajeng Hutagalung, M.Farm', 'bambang26@ud.web.id', 'password123', '2025-07-17 16:46:08'),
(852, 'Dr. Winda Rahayu', 'rahimahanastasia@pt.co.id', 'password123', '2025-07-17 16:46:08'),
(853, 'T. Hartana Salahudin', 'purwantimalik@perum.my.id', 'password123', '2025-07-17 16:46:08'),
(854, 'KH. Tugiman Namaga', 'sitoruspuspa@yahoo.com', 'password123', '2025-07-17 16:46:08'),
(855, 'R.M. Prabowo Najmudin, M.M.', 'gwinarno@perum.my.id', 'password123', '2025-07-17 16:46:08'),
(856, 'Tirtayasa Prabowo', 'safina65@hotmail.com', 'password123', '2025-07-17 16:46:08'),
(857, 'Timbul Siregar', 'wakimannatsir@gmail.com', 'password123', '2025-07-17 16:46:08'),
(858, 'Lamar Sinaga', 'andrianiharimurti@hotmail.com', 'password123', '2025-07-17 16:46:08'),
(859, 'R. Kezia Sudiati, M.Pd', 'wijayagina@perum.mil', 'password123', '2025-07-17 16:46:08'),
(860, 'Tgk. Eka Farida', 'twasita@pt.net', 'password123', '2025-07-17 16:46:08'),
(861, 'Bancar Nurdiyanti', 'yessiharyanto@perum.id', 'password123', '2025-07-17 16:46:08'),
(862, 'Aurora Megantara', 'yahyawijaya@perum.web.id', 'password123', '2025-07-17 16:46:08'),
(863, 'Sutan Rosman Sirait, S.Sos', 'rajataami@cv.ponpes.id', 'password123', '2025-07-17 16:46:08'),
(864, 'Febi Tampubolon', 'oprakasa@pt.gov', 'password123', '2025-07-17 16:46:08'),
(865, 'Kezia Tampubolon, S.H.', 'hafshah62@pt.int', 'password123', '2025-07-17 16:46:08'),
(866, 'Ulya Putra, S.Sos', 'yosefanggriawan@gmail.com', 'password123', '2025-07-17 16:46:08'),
(867, 'Elvina Sitompul', 'rahmihasanah@yahoo.com', 'password123', '2025-07-17 16:46:08'),
(868, 'Ibrahim Laksmiwati', 'luhung48@perum.my.id', 'password123', '2025-07-17 16:46:08'),
(869, 'Halima Prayoga, S.Ked', 'sarah07@yahoo.com', 'password123', '2025-07-17 16:46:08'),
(870, 'Drs. Gina Zulaika, S.Pt', 'puspitabanawa@hotmail.com', 'password123', '2025-07-17 16:46:08'),
(871, 'Diah Aryani', 'winarsihratih@hotmail.com', 'password123', '2025-07-17 16:46:08'),
(872, 'Yahya Santoso', 'bajragin69@hotmail.com', 'password123', '2025-07-17 16:46:08'),
(873, 'Kacung Purwanti', 'mwastuti@yahoo.com', 'password123', '2025-07-17 16:46:08'),
(874, 'Bella Handayani', 'hastutiwadi@gmail.com', 'password123', '2025-07-17 16:46:08'),
(875, 'Dr. Radit Kurniawan', 'laksitakarma@perum.go.id', 'password123', '2025-07-17 16:46:08'),
(876, 'Puti Queen Firgantoro, S.Psi', 'viktormaulana@pt.edu', 'password123', '2025-07-17 16:46:08'),
(877, 'Vicky Samosir', 'rahmi07@yahoo.com', 'password123', '2025-07-17 16:46:08'),
(878, 'Jamalia Puspasari', 'setiawankarman@hotmail.com', 'password123', '2025-07-17 16:46:08'),
(879, 'Warsa Mahendra', 'siregarnilam@ud.mil.id', 'password123', '2025-07-17 16:46:08'),
(880, 'Kawaya Permadi', 'perkasagunarto@ud.go.id', 'password123', '2025-07-17 16:46:08'),
(881, 'Hj. Zelaya Tampubolon, S.T.', 'pranawa15@hotmail.com', 'password123', '2025-07-17 16:46:08'),
(882, 'Dr. Muni Megantara', 'ksitumorang@cv.or.id', 'password123', '2025-07-17 16:46:08'),
(883, 'Asmuni Kusmawati', 'fwinarno@hotmail.com', 'password123', '2025-07-17 16:46:08'),
(884, 'R. Kariman Utami', 'rahayu85@ud.net.id', 'password123', '2025-07-17 16:46:08'),
(885, 'Jumari Iswahyudi', 'balasaefullah@cv.ac.id', 'password123', '2025-07-17 16:46:08'),
(886, 'Nugraha Narpati', 'dariati32@gmail.com', 'password123', '2025-07-17 16:46:08'),
(887, 'Asman Prastuti', 'griyanti@pt.ac.id', 'password123', '2025-07-17 16:46:08'),
(888, 'Ir. Jarwa Sudiati, S.I.Kom', 'padmasarivictoria@gmail.com', 'password123', '2025-07-17 16:46:08'),
(889, 'Wakiman Wacana', 'lurhur28@gmail.com', 'password123', '2025-07-17 16:46:08'),
(890, 'Melinda Hutagalung', 'jprasetya@hotmail.com', 'password123', '2025-07-17 16:46:08'),
(891, 'Drs. Reksa Hidayanto', 'lkusmawati@hotmail.com', 'password123', '2025-07-17 16:46:08'),
(892, 'Tgk. Bagya Aryani, M.Pd', 'amalia90@pd.edu', 'password123', '2025-07-17 16:46:08'),
(893, 'Ir. Aurora Maryadi, S.Gz', 'kandapurwanti@cv.edu', 'password123', '2025-07-17 16:46:08'),
(894, 'Ir. Jane Utama', 'ibrahim68@cv.id', 'password123', '2025-07-17 16:46:08'),
(895, 'Luwar Palastri', 'maryatiirma@cv.or.id', 'password123', '2025-07-17 16:46:08'),
(896, 'R.A. Cinthia Purwanti', 'widya31@hotmail.com', 'password123', '2025-07-17 16:46:08'),
(897, 'Dt. Budi Winarno', 'imamwahyuni@ud.sch.id', 'password123', '2025-07-17 16:46:08'),
(898, 'Dariati Hastuti', 'nwastuti@yahoo.com', 'password123', '2025-07-17 16:46:08'),
(899, 'Yani Wulandari', 'dastuti@hotmail.com', 'password123', '2025-07-17 16:46:08'),
(900, 'Yessi Mardhiyah', 'daliono09@ud.mil.id', 'password123', '2025-07-17 16:46:08'),
(901, 'Drs. Nadia Permadi', 'purwa72@ud.mil', 'password123', '2025-07-17 16:46:08'),
(902, 'Usyi Novitasari', 'citra34@yahoo.com', 'password123', '2025-07-17 16:46:08'),
(903, 'Rahmat Natsir', 'rzulaika@yahoo.com', 'password123', '2025-07-17 16:46:08'),
(904, 'Timbul Tarihoran', 'harsayanapitupulu@pt.org', 'password123', '2025-07-17 16:46:08'),
(905, 'Eka Pradipta', 'nrima69@yahoo.com', 'password123', '2025-07-17 16:46:08'),
(906, 'Sari Yulianti', 'jumadi59@hotmail.com', 'password123', '2025-07-17 16:46:08'),
(907, 'Yuliana Uwais', 'napitupulumulyanto@yahoo.com', 'password123', '2025-07-17 16:46:08'),
(908, 'Puti Titi Utami, S.Gz', 'srajata@pt.biz.id', 'password123', '2025-07-17 16:46:08'),
(909, 'H. Asirwada Prasasta, M.TI.', 'osuartini@pt.biz.id', 'password123', '2025-07-17 16:46:08'),
(910, 'Estiawan Nasyiah, S.H.', 'murti15@hotmail.com', 'password123', '2025-07-17 16:46:08'),
(911, 'Ir. Wirda Kusmawati, S.Sos', 'ohassanah@cv.edu', 'password123', '2025-07-17 16:46:08'),
(912, 'drg. Gangsa Pradipta', 'faridagalih@gmail.com', 'password123', '2025-07-17 16:46:08'),
(913, 'Safina Prakasa', 'wirdahabibi@yahoo.com', 'password123', '2025-07-17 16:46:08'),
(914, 'Gasti Wulandari', 'unashiruddin@perum.desa.id', 'password123', '2025-07-17 16:46:08'),
(915, 'Lalita Yulianti', 'okuswoyo@yahoo.com', 'password123', '2025-07-17 16:46:08'),
(916, 'Opung Purnawati', 'balangga57@yahoo.com', 'password123', '2025-07-17 16:46:08'),
(917, 'drg. Daniswara Wahyudin', 'uyainahgandi@cv.com', 'password123', '2025-07-17 16:46:08'),
(918, 'Nyana Prabowo, M.TI.', 'dimashasanah@yahoo.com', 'password123', '2025-07-17 16:46:08'),
(919, 'Sabrina Purnawati', 'balangga90@gmail.com', 'password123', '2025-07-17 16:46:08'),
(920, 'Rahayu Kuswandari', 'lestariajiono@yahoo.com', 'password123', '2025-07-17 16:46:08'),
(921, 'Kasim Jailani, S.Pd', 'iswahyudiasman@hotmail.com', 'password123', '2025-07-17 16:46:08'),
(922, 'Mustika Prasetya', 'gaimanutami@hotmail.com', 'password123', '2025-07-17 16:46:08'),
(923, 'Almira Utama', 'yrajasa@yahoo.com', 'password123', '2025-07-17 16:46:08'),
(924, 'T. Edi Puspasari', 'marbunraharja@gmail.com', 'password123', '2025-07-17 16:46:08'),
(925, 'T. Asmianto Zulkarnain', 'nadia34@yahoo.com', 'password123', '2025-07-17 16:46:08'),
(926, 'Dr. Kunthara Mulyani, M.Kom.', 'hwasita@pd.ponpes.id', 'password123', '2025-07-17 16:46:08'),
(927, 'Ajeng Rahayu', 'maryatititin@hotmail.com', 'password123', '2025-07-17 16:46:08'),
(928, 'Drs. Kurnia Pertiwi, S.Gz', 'ajengfarida@gmail.com', 'password123', '2025-07-17 16:46:08'),
(929, 'Cut Siti Simbolon, S.Gz', 'iswahyudigalih@yahoo.com', 'password123', '2025-07-17 16:46:08'),
(930, 'Cengkir Mandala', 'usamahmaimunah@gmail.com', 'password123', '2025-07-17 16:46:08'),
(931, 'Tania Latupono', 'ajengnashiruddin@hotmail.com', 'password123', '2025-07-17 16:46:08'),
(932, 'Mursinin Sihombing', 'eja68@yahoo.com', 'password123', '2025-07-17 16:46:08'),
(933, 'Bahuwirya Lazuardi', 'suryatmielon@pd.mil.id', 'password123', '2025-07-17 16:46:08'),
(934, 'Jatmiko Rajasa', 'osinaga@pt.mil', 'password123', '2025-07-17 16:46:08'),
(935, 'Argono Rajasa', 'balidin00@perum.or.id', 'password123', '2025-07-17 16:46:08'),
(936, 'Nova Pratiwi', 'wacanagasti@gmail.com', 'password123', '2025-07-17 16:46:08'),
(937, 'Kenes Purnawati', 'nalar31@pt.id', 'password123', '2025-07-17 16:46:08'),
(938, 'Tgk. Baktiadi Sihombing', 'yuniarida@cv.net.id', 'password123', '2025-07-17 16:46:08'),
(939, 'Adiarja Puspasari', 'karengunarto@yahoo.com', 'password123', '2025-07-17 16:46:08'),
(940, 'Dt. Oskar Maheswara, S.Pd', 'vusada@hotmail.com', 'password123', '2025-07-17 16:46:08'),
(941, 'Sari Prastuti', 'hutapeasatya@yahoo.com', 'password123', '2025-07-17 16:46:08'),
(942, 'Unjani Uwais', 'widodogamanto@yahoo.com', 'password123', '2025-07-17 16:46:08'),
(943, 'Ayu Samosir', 'edi66@perum.com', 'password123', '2025-07-17 16:46:08'),
(944, 'Aris Latupono, S.E.I', 'nasimiswahyudi@ud.gov', 'password123', '2025-07-17 16:46:08'),
(945, 'R.A. Nilam Kuswoyo', 'ihalim@perum.int', 'password123', '2025-07-17 16:46:08'),
(946, 'Cawisono Rahayu', 'farahprasetyo@pd.or.id', 'password123', '2025-07-17 16:46:08'),
(947, 'Oskar Safitri, M.Ak', 'natsirhendra@hotmail.com', 'password123', '2025-07-17 16:46:08'),
(948, 'Icha Zulkarnain', 'winarsihmahesa@gmail.com', 'password123', '2025-07-17 16:46:08'),
(949, 'Manah Nasyiah', 'ismailusamah@gmail.com', 'password123', '2025-07-17 16:46:08'),
(950, 'Ajiono Hariyah', 'ypratiwi@yahoo.com', 'password123', '2025-07-17 16:46:08'),
(951, 'Ian Rahmawati, M.M.', 'radenwinarsih@perum.sch.id', 'password123', '2025-07-17 16:46:08'),
(952, 'Puput Hutagalung', 'ehidayat@pd.gov', 'password123', '2025-07-17 16:46:08'),
(953, 'Hj. Keisha Prasetyo, S.Gz', 'yusuf61@cv.web.id', 'password123', '2025-07-17 16:46:08'),
(954, 'Samiah Mayasari', 'kariman18@cv.ponpes.id', 'password123', '2025-07-17 16:46:08'),
(955, 'Utama Pudjiastuti, M.Pd', 'harjasa63@yahoo.com', 'password123', '2025-07-17 16:46:08'),
(956, 'drg. Wardi Wibowo, S.Sos', 'msihotang@ud.int', 'password123', '2025-07-17 16:46:08'),
(957, 'Ismail Prastuti', 'aanggriawan@ud.my.id', 'password123', '2025-07-17 16:46:08'),
(958, 'Hani Prasetyo', 'lutfan12@hotmail.com', 'password123', '2025-07-17 16:46:08'),
(959, 'drg. Kezia Fujiati, S.Farm', 'daniswarauwais@gmail.com', 'password123', '2025-07-17 16:46:08'),
(960, 'KH. Darimin Wulandari, S.Sos', 'dian94@cv.my.id', 'password123', '2025-07-17 16:46:08'),
(961, 'Najwa Yolanda', 'sitoruspia@gmail.com', 'password123', '2025-07-17 16:46:08'),
(962, 'Drs. Najib Yuniar', 'mmardhiyah@perum.edu', 'password123', '2025-07-17 16:46:08'),
(963, 'Bancar Mulyani', 'gabriellawahyuni@gmail.com', 'password123', '2025-07-17 16:46:08'),
(964, 'Bancar Manullang, S.I.Kom', 'grahayu@hotmail.com', 'password123', '2025-07-17 16:46:08'),
(965, 'Cinthia Yuliarti', 'bwaskita@hotmail.com', 'password123', '2025-07-17 16:46:08'),
(966, 'Rama Uwais', 'csusanti@pt.or.id', 'password123', '2025-07-17 16:46:08'),
(967, 'R.M. Capa Wijaya', 'unababan@cv.edu', 'password123', '2025-07-17 16:46:08'),
(968, 'Ana Hidayat, S.Sos', 'putrarestu@cv.my.id', 'password123', '2025-07-17 16:46:08'),
(969, 'Aslijan Prasasta, M.Farm', 'qsitumorang@yahoo.com', 'password123', '2025-07-17 16:46:08'),
(970, 'Rahmat Prabowo, M.TI.', 'cmustofa@gmail.com', 'password123', '2025-07-17 16:46:08'),
(971, 'Novi Wahyudin', 'hasimlestari@pt.com', 'password123', '2025-07-17 16:46:08'),
(972, 'Ian Nasyiah', 'omelani@yahoo.com', 'password123', '2025-07-17 16:46:08'),
(973, 'Kania Mulyani', 'umisaputra@hotmail.com', 'password123', '2025-07-17 16:46:08'),
(974, 'Jarwadi Usada', 'bagus06@gmail.com', 'password123', '2025-07-17 16:46:08'),
(975, 'Tgk. Eva Budiman', 'nmayasari@hotmail.com', 'password123', '2025-07-17 16:46:08'),
(976, 'Ida Riyanti', 'labuh62@yahoo.com', 'password123', '2025-07-17 16:46:08'),
(977, 'Zaenab Prayoga', 'pranowowinda@hotmail.com', 'password123', '2025-07-17 16:46:08'),
(978, 'Hamzah Astuti', 'nababanrendy@pd.biz.id', 'password123', '2025-07-17 16:46:08'),
(979, 'Farhunnisa Tamba', 'permadisyahrini@yahoo.com', 'password123', '2025-07-17 16:46:08'),
(980, 'Dasa Zulaika, S.Psi', 'mutia27@pd.sch.id', 'password123', '2025-07-17 16:46:08'),
(981, 'Dt. Balamantri Setiawan', 'bahuraksapranowo@yahoo.com', 'password123', '2025-07-17 16:46:08'),
(982, 'Daruna Maheswara', 'lintang78@hotmail.com', 'password123', '2025-07-17 16:46:08'),
(983, 'Kiandra Budiman, S.Pt', 'darsirah07@yahoo.com', 'password123', '2025-07-17 16:46:08'),
(984, 'Laila Salahudin', 'hasanpertiwi@yahoo.com', 'password123', '2025-07-17 16:46:08'),
(985, 'Wulan Anggriawan', 'hartakaanggraini@ud.com', 'password123', '2025-07-17 16:46:08'),
(986, 'Galuh Padmasari, M.TI.', 'nugrohocengkir@yahoo.com', 'password123', '2025-07-17 16:46:08'),
(987, 'Dr. Dimas Dabukke, S.E.I', 'gamanto00@hotmail.com', 'password123', '2025-07-17 16:46:08'),
(988, 'Salwa Prabowo', 'endra23@gmail.com', 'password123', '2025-07-17 16:46:08'),
(989, 'Ghaliyati Firmansyah', 'ophelia87@ud.or.id', 'password123', '2025-07-17 16:46:08'),
(990, 'Rafi Budiman, S.Psi', 'kajen65@yahoo.com', 'password123', '2025-07-17 16:46:08'),
(991, 'Karen Prasetya, S.E.', 'simanjuntakhilda@cv.or.id', 'password123', '2025-07-17 16:46:08'),
(992, 'Hamima Kuswandari', 'sinagavicky@yahoo.com', 'password123', '2025-07-17 16:46:08'),
(993, 'Yosef Saragih', 'gadingkurniawan@cv.gov', 'password123', '2025-07-17 16:46:08'),
(994, 'Elvin Uyainah', 'ramadanleo@gmail.com', 'password123', '2025-07-17 16:46:08'),
(995, 'drg. Jail Zulaika, S.T.', 'legawijaya@gmail.com', 'password123', '2025-07-17 16:46:08'),
(996, 'Garang Pratama', 'padmihakim@gmail.com', 'password123', '2025-07-17 16:46:08'),
(997, 'drg. Capa Pradana', 'usamahintan@hotmail.com', 'password123', '2025-07-17 16:46:08'),
(998, 'Taswir Tarihoran', 'ogunarto@gmail.com', 'password123', '2025-07-17 16:46:08'),
(999, 'dr. Hamima Widodo, S.T.', 'usadajasmin@gmail.com', 'password123', '2025-07-17 16:46:08'),
(1000, 'Kamila Hutasoit', 'jarwisetiawan@pt.org', 'password123', '2025-07-17 16:46:08'),
(1001, 'Aisyah Damanik', 'cemeti04@cv.ac.id', 'password123', '2025-07-17 16:46:08'),
(1002, 'Hasna Saragih', 'thamrinyono@ud.net.id', 'password123', '2025-07-17 16:46:08'),
(1003, 'Luwes Astuti', 'kania08@gmail.com', 'password123', '2025-07-17 16:46:08'),
(1004, 'Hafshah Saragih', 'usadabalangga@ud.biz.id', 'password123', '2025-07-17 16:46:08'),
(1005, 'Warsa Purnawati', 'hutapeaeja@ud.edu', 'password123', '2025-07-17 16:46:08');

--
-- Indexes for dumped tables
--

--
-- Indexes for table `bookings`
--
ALTER TABLE `bookings`
  ADD PRIMARY KEY (`id`),
  ADD KEY `user_id` (`user_id`),
  ADD KEY `room_id` (`room_id`);

--
-- Indexes for table `booking_times`
--
ALTER TABLE `booking_times`
  ADD PRIMARY KEY (`id`);

--
-- Indexes for table `booking_time_details`
--
ALTER TABLE `booking_time_details`
  ADD PRIMARY KEY (`id`),
  ADD KEY `booking_id` (`booking_id`),
  ADD KEY `time_id` (`time_id`);

--
-- Indexes for table `categories`
--
ALTER TABLE `categories`
  ADD PRIMARY KEY (`id`);

--
-- Indexes for table `rooms`
--
ALTER TABLE `rooms`
  ADD PRIMARY KEY (`id`),
  ADD KEY `category_id` (`category_id`);

--
-- Indexes for table `users`
--
ALTER TABLE `users`
  ADD PRIMARY KEY (`id`),
  ADD UNIQUE KEY `email` (`email`);

--
-- AUTO_INCREMENT for dumped tables
--

--
-- AUTO_INCREMENT for table `bookings`
--
ALTER TABLE `bookings`
  MODIFY `id` int(11) NOT NULL AUTO_INCREMENT, AUTO_INCREMENT=6;

--
-- AUTO_INCREMENT for table `booking_times`
--
ALTER TABLE `booking_times`
  MODIFY `id` int(11) NOT NULL AUTO_INCREMENT, AUTO_INCREMENT=1001;

--
-- AUTO_INCREMENT for table `booking_time_details`
--
ALTER TABLE `booking_time_details`
  MODIFY `id` int(11) NOT NULL AUTO_INCREMENT, AUTO_INCREMENT=6;

--
-- AUTO_INCREMENT for table `categories`
--
ALTER TABLE `categories`
  MODIFY `id` int(11) NOT NULL AUTO_INCREMENT, AUTO_INCREMENT=4;

--
-- AUTO_INCREMENT for table `rooms`
--
ALTER TABLE `rooms`
  MODIFY `id` int(11) NOT NULL AUTO_INCREMENT, AUTO_INCREMENT=6;

--
-- AUTO_INCREMENT for table `users`
--
ALTER TABLE `users`
  MODIFY `id` int(11) NOT NULL AUTO_INCREMENT, AUTO_INCREMENT=1006;

--
-- Constraints for dumped tables
--

--
-- Constraints for table `bookings`
--
ALTER TABLE `bookings`
  ADD CONSTRAINT `bookings_ibfk_1` FOREIGN KEY (`user_id`) REFERENCES `users` (`id`),
  ADD CONSTRAINT `bookings_ibfk_2` FOREIGN KEY (`room_id`) REFERENCES `rooms` (`id`);

--
-- Constraints for table `booking_time_details`
--
ALTER TABLE `booking_time_details`
  ADD CONSTRAINT `booking_time_details_ibfk_1` FOREIGN KEY (`booking_id`) REFERENCES `bookings` (`id`),
  ADD CONSTRAINT `booking_time_details_ibfk_2` FOREIGN KEY (`time_id`) REFERENCES `booking_times` (`id`);

--
-- Constraints for table `rooms`
--
ALTER TABLE `rooms`
  ADD CONSTRAINT `rooms_ibfk_1` FOREIGN KEY (`category_id`) REFERENCES `categories` (`id`);
COMMIT;

/*!40101 SET CHARACTER_SET_CLIENT=@OLD_CHARACTER_SET_CLIENT */;
/*!40101 SET CHARACTER_SET_RESULTS=@OLD_CHARACTER_SET_RESULTS */;
/*!40101 SET COLLATION_CONNECTION=@OLD_COLLATION_CONNECTION */;
